Barcode,Cluster
AAACCTGAGATCGATA-1,1
AAACCTGAGATCGGGT-1,4
AAACCTGCAGGTCTCG-1,3
AAACCTGGTACTTCTT-1,1
AAACCTGGTGAGCGAT-1,1
AAACCTGGTGAGGGAG-1,4
AAACCTGGTTAGATGA-1,3
AAACGGGAGACGACGT-1,6
AAACGGGAGACGCTTT-1,5
AAACGGGAGCTAGTCT-1,3
AAACGGGAGGACACCA-1,1
AAACGGGCAGTGGAGT-1,1
AAACGGGCATACGCTA-1,1
AAACGGGCATATGGTC-1,1
AAACGGGGTCGGGTCT-1,4
AAACGGGGTGGCTCCA-1,2
AAACGGGGTTTAAGCC-1,2
AAAGATGAGACTAGGC-1,6
AAAGATGAGATCCGAG-1,5
AAAGATGAGGCGATAC-1,3
AAAGATGGTCCAAGTT-1,2
AAAGATGGTGCTCTTC-1,3
AAAGATGTCATTTGGG-1,5
AAAGATGTCTCAAACG-1,3
AAAGCAAAGAGGTACC-1,5
AAAGCAAAGTATCTCG-1,1
AAAGCAAAGTATGACA-1,3
AAAGCAACAGCGTCCA-1,1
AAAGCAAGTCCGAAGA-1,3
AAAGCAAGTTGGGACA-1,3
AAAGCAAGTTGTGGCC-1,2
AAAGCAATCACCATAG-1,2
AAAGCAATCACCTCGT-1,2
AAAGCAATCATTCACT-1,4
AAAGCAATCCAGATCA-1,2
AAAGTAGAGAGGGCTT-1,2
AAAGTAGCACGACGAA-1,5
AAAGTAGCACGTCAGC-1,2
AAAGTAGCATAGTAAG-1,2
AAAGTAGGTCATCGGC-1,5
AAAGTAGGTGTTAAGA-1,6
AAAGTAGGTTCCACGG-1,4
AAAGTAGTCTCCAGGG-1,6
AAATGCCAGTGACTCT-1,1
AAATGCCCACGGTTTA-1,5
AAATGCCCAGGGTTAG-1,2
AAATGCCGTCTAAAGA-1,3
AAATGCCGTGTCGCTG-1,1
AAATGCCTCACCATAG-1,5
AACACGTAGCGATGAC-1,1
AACACGTCACAAGCCC-1,2
AACACGTCAGATCTGT-1,4
AACACGTGTGAAGGCT-1,5
AACACGTGTGTCAATC-1,3
AACACGTTCCACGTTC-1,1
AACACGTTCCGTTGTC-1,3
AACCATGAGAGGTTAT-1,3
AACCATGAGCACGCCT-1,6
AACCATGGTAGGCTGA-1,2
AACCATGGTGTAACGG-1,1
AACCATGGTGTTCGAT-1,1
AACCATGGTTAGGGTG-1,2
AACCATGGTTCCTCCA-1,5
AACCATGTCACCGTAA-1,1
AACCATGTCATCTGTT-1,4
AACCATGTCCTGCCAT-1,1
AACCATGTCCTTTCGG-1,3
AACCATGTCGGCGCAT-1,1
AACCGCGAGCTACCTA-1,2
AACCGCGAGCTGCGAA-1,4
AACCGCGAGGTGCTTT-1,6
AACCGCGAGTAGATGT-1,2
AACCGCGAGTCCAGGA-1,1
AACCGCGCACCAGGTC-1,5
AACCGCGCAGCCTTGG-1,3
AACCGCGCATGAAGTA-1,4
AACCGCGGTCTTGATG-1,1
AACCGCGGTTAAAGAC-1,2
AACCGCGGTTCAGGCC-1,1
AACCGCGTCCAGGGCT-1,2
AACGTTGAGGTGCACA-1,1
AACGTTGAGTGAACAT-1,6
AACGTTGAGTGCCATT-1,4
AACGTTGGTAGAAAGG-1,1
AACGTTGGTTGGTAAA-1,2
AACGTTGTCCGCGTTT-1,4
AACTCAGAGGAATTAC-1,1
AACTCAGAGGACAGAA-1,2
AACTCAGAGGCCCTTG-1,3
AACTCAGAGTGGACGT-1,1
AACTCAGCAAACCCAT-1,1
AACTCAGCAAGCGTAG-1,2
AACTCAGCACCAGGCT-1,5
AACTCAGCAGCTATTG-1,2
AACTCAGCAGGACGTA-1,2
AACTCAGCAGGGTACA-1,2
AACTCAGCATAAAGGT-1,2
AACTCAGGTGAACCTT-1,3
AACTCAGGTTCGAATC-1,1
AACTCAGTCACATACG-1,3
AACTCAGTCCATGAGT-1,4
AACTCAGTCCCTAATT-1,2
AACTCCCAGTATCGAA-1,1
AACTCCCCAGCTGCTG-1,3
AACTCCCGTACTCGCG-1,3
AACTCCCGTCATATGC-1,6
AACTCCCGTCTCTCTG-1,1
AACTCCCTCTTCGAGA-1,1
AACTCCCTCTTCTGGC-1,5
AACTCTTAGCTACCTA-1,1
AACTCTTGTTCAGTAC-1,2
AACTCTTTCCAGGGCT-1,1
AACTGGTAGATCCGAG-1,2
AACTGGTAGGTAGCCA-1,1
AACTGGTAGTATTGGA-1,5
AACTGGTCACGAAAGC-1,6
AACTGGTCAGCTTCGG-1,2
AACTGGTCATCTCCCA-1,4
AACTGGTGTGTGCGTC-1,6
AACTTTCAGACAGAGA-1,6
AACTTTCAGACCTAGG-1,1
AACTTTCAGATAGGAG-1,4
AACTTTCAGCTAGCCC-1,6
AACTTTCAGTAGTGCG-1,3
AACTTTCCATGGTCTA-1,1
AACTTTCCATTCGACA-1,3
AACTTTCGTACAGCAG-1,3
AACTTTCTCAGAGACG-1,2
AAGACCTAGAAGCCCA-1,4
AAGACCTAGAGATGAG-1,3
AAGACCTAGGAATGGA-1,1
AAGACCTCAGATGGCA-1,2
AAGACCTGTCTAAACC-1,3
AAGACCTGTCTGATTG-1,1
AAGACCTGTCTGCCAG-1,4
AAGACCTTCATCACCC-1,1
AAGACCTTCCACTCCA-1,2
AAGACCTTCCCGACTT-1,2
AAGCCGCAGAGATGAG-1,1
AAGCCGCAGCATCATC-1,2
AAGCCGCAGCCAGTAG-1,3
AAGCCGCAGTTAGCGG-1,1
AAGCCGCCAATAGAGT-1,2
AAGCCGCCAGCGTCCA-1,1
AAGCCGCGTCGACTGC-1,4
AAGCCGCTCCAAACTG-1,2
AAGCCGCTCGAGGTAG-1,6
AAGCCGCTCTGATTCT-1,5
AAGGAGCAGGGAACGG-1,4
AAGGAGCAGGTAGCCA-1,1
AAGGAGCCAAGGACAC-1,1
AAGGAGCCACCAACCG-1,1
AAGGAGCGTTGGTAAA-1,1
AAGGAGCTCCGTCAAA-1,1
AAGGAGCTCGTTACGA-1,3
AAGGCAGCACAGACAG-1,6
AAGGCAGCACAGCCCA-1,2
AAGGCAGCATGCCCGA-1,2
AAGGCAGGTAGCTCCG-1,6
AAGGCAGTCACTTATC-1,1
AAGGCAGTCCAGATCA-1,4
AAGGCAGTCCCATTTA-1,4
AAGGCAGTCCGGGTGT-1,4
AAGGCAGTCCTTGACC-1,2
AAGGTTCAGAAGCCCA-1,1
AAGGTTCAGATGTGGC-1,3
AAGGTTCAGGCCATAG-1,1
AAGGTTCAGGCCCGTT-1,2
AAGGTTCAGGTGCAAC-1,4
AAGGTTCCAAACCTAC-1,1
AAGGTTCCAAGACACG-1,3
AAGGTTCCAGTATAAG-1,1
AAGGTTCCATCGTCGG-1,1
AAGGTTCGTTTGTTGG-1,2
AAGGTTCTCAATACCG-1,4
AAGGTTCTCAGCGACC-1,3
AAGGTTCTCATGGTCA-1,3
AAGTCTGAGATCACGG-1,1
AAGTCTGGTAAGGGCT-1,2
AAGTCTGGTATATCCG-1,1
AAGTCTGGTGATGTGG-1,2
AAGTCTGGTGCTTCTC-1,1
AAGTCTGTCGCATGGC-1,2
AAGTCTGTCGGTGTTA-1,5
AATCCAGAGCGATAGC-1,5
AATCCAGAGTGCTGCC-1,1
AATCCAGAGTTCGCGC-1,1
AATCCAGCACGGCGTT-1,2
AATCCAGGTCGCTTTC-1,2
AATCCAGGTGACTCAT-1,4
AATCCAGGTTGGTGGA-1,4
AATCCAGTCGGAGGTA-1,4
AATCCAGTCTCAAGTG-1,2
AATCCAGTCTGGGCCA-1,5
AATCCAGTCTTGGGTA-1,5
AATCGGTAGGTCATCT-1,3
AATCGGTAGTAGGCCA-1,2
AATCGGTAGTTGAGTA-1,2
AATCGGTTCAATCACG-1,3
AATCGGTTCCCTTGTG-1,3
AATCGGTTCCTTTCTC-1,2
ACACCAAAGCTAAACA-1,4
ACACCAAAGCTGCGAA-1,1
ACACCAACAACTGCTA-1,1
ACACCAAGTAAATGTG-1,5
ACACCAAGTAGCTGCC-1,6
ACACCAAGTATGGTTC-1,3
ACACCAAGTCATGCCG-1,3
ACACCAAGTCCGTCAG-1,5
ACACCAATCAGCTTAG-1,2
ACACCAATCCAGAAGG-1,5
ACACCAATCTGTCAAG-1,1
ACACCCTAGACAATAC-1,1
ACACCCTAGGACAGCT-1,1
ACACCCTCAAGCGCTC-1,3
ACACCCTCAATAGAGT-1,6
ACACCCTCACCGAATT-1,5
ACACCCTGTCCGTCAG-1,3
ACACCCTGTGAAGGCT-1,4
ACACCCTTCACGACTA-1,3
ACACCCTTCCGCAAGC-1,1
ACACCCTTCCTATGTT-1,6
ACACCGGAGATGTTAG-1,2
ACACCGGAGGAGTTTA-1,3
ACACCGGCACGGCGTT-1,4
ACACCGGGTCGGCATC-1,2
ACACCGGGTGCTGTAT-1,6
ACACCGGGTTACAGAA-1,4
ACACCGGGTTAGAACA-1,5
ACACCGGGTTCACGGC-1,1
ACACCGGTCATCTGTT-1,4
ACACCGGTCGCCGTGA-1,5
ACACTGAAGATGTAAC-1,2
ACACTGAAGTAGGCCA-1,4
ACACTGAAGTGTTTGC-1,4
ACACTGACACTTCTGC-1,2
ACACTGAGTAACGCGA-1,1
ACACTGAGTAACGTTC-1,3
ACACTGAGTTCGGGCT-1,4
ACACTGAGTTTCGCTC-1,2
ACACTGATCAGTTCGA-1,5
ACACTGATCCTGCTTG-1,3
ACACTGATCGACAGCC-1,2
ACACTGATCTTTACAC-1,5
ACAGCCGAGCGATAGC-1,1
ACAGCCGAGTAATCCC-1,2
ACAGCCGCACCTTGTC-1,5
ACAGCCGCACGGCGTT-1,1
ACAGCCGCAGTCGATT-1,2
ACAGCCGGTACAGTTC-1,1
ACAGCCGGTGTGTGCC-1,1
ACAGCCGTCAACACCA-1,3
ACAGCCGTCGCTTGTC-1,1
ACAGCTACACGGTAGA-1,1
ACAGCTAGTTATGCGT-1,1
ACAGCTAGTTTGTTGG-1,2
ACAGCTATCTATGTGG-1,1
ACATACGAGAAGATTC-1,2
ACATACGAGACTAGGC-1,3
ACATACGAGAGCTGGT-1,5
ACATACGGTAAAGGAG-1,2
ACATACGGTAGTACCT-1,1
ACATACGGTATCGCAT-1,1
ACATACGGTCTACCTC-1,4
ACATACGGTCTTGCGG-1,1
ACATACGGTGTTGAGG-1,1
ACATACGGTTCCACGG-1,1
ACATACGTCCTGCCAT-1,4
ACATCAGAGTGGGATC-1,3
ACATCAGCACTAAGTC-1,2
ACATCAGGTTACGTCA-1,4
ACATCAGGTTCAGACT-1,6
ACATCAGTCAAAGACA-1,3
ACATCAGTCTCTGAGA-1,1
ACATGGTGTAATCACC-1,3
ACATGGTGTGTTCGAT-1,3
ACATGGTGTTGCGTTA-1,1
ACATGGTTCATGTCCC-1,1
ACATGGTTCGGTCCGA-1,3
ACCAGTAAGATCGATA-1,1
ACCAGTAAGGATGCGT-1,3
ACCAGTACACAGGAGT-1,1
ACCAGTACATATGAGA-1,2
ACCAGTACATCAGTCA-1,1
ACCAGTACATCCAACA-1,3
ACCAGTAGTTTGTTGG-1,1
ACCCACTAGACTGTAA-1,4
ACCCACTCAAGCCATT-1,6
ACCCACTCAATAGCAA-1,5
ACCCACTCAGATGAGC-1,1
ACCCACTCATCGGACC-1,2
ACCCACTGTAGATTAG-1,4
ACCCACTGTATAGGTA-1,2
ACCCACTGTCGCGAAA-1,2
ACCCACTGTGCGGTAA-1,2
ACCCACTTCAGGCCCA-1,1
ACCGTAAAGAATGTGT-1,2
ACCGTAAAGGCCCGTT-1,1
ACCGTAACACGTTGGC-1,3
ACCGTAACAGCATACT-1,2
ACCGTAACATAGTAAG-1,2
ACCGTAACATGGTCAT-1,5
ACCGTAAGTAATTGGA-1,1
ACCGTAAGTAGGGACT-1,1
ACCTTTAAGCAAATCA-1,4
ACCTTTAAGGGATACC-1,2
ACCTTTACAAATTGCC-1,5
ACCTTTACAACCGCCA-1,1
ACCTTTACAGACAAGC-1,1
ACGAGCCAGCCTATGT-1,1
ACGAGCCAGTCCTCCT-1,2
ACGAGCCCACCAGCAC-1,1
ACGAGCCCACGCCAGT-1,1
ACGAGCCCATGAGCGA-1,5
ACGAGCCCATGGTCAT-1,2
ACGAGCCGTGACCAAG-1,1
ACGAGCCGTTTAGGAA-1,2
ACGAGGACACTTAAGC-1,5
ACGAGGACAGAAGCAC-1,3
ACGAGGACATGGATGG-1,6
ACGAGGAGTATTCTCT-1,1
ACGAGGATCTGCAAGT-1,3
ACGATACAGAAGGTTT-1,2
ACGATACAGAGCAATT-1,2
ACGATACAGAGCTATA-1,1
ACGATACAGCCCGAAA-1,2
ACGATACAGTCCATAC-1,1
ACGATACCAGACGCCT-1,2
ACGATACCATCATCCC-1,2
ACGATACGTAGGCATG-1,2
ACGATACGTCGCTTCT-1,5
ACGATACGTGAAGGCT-1,2
ACGATACTCCGGGTGT-1,4
ACGATACTCGGTGTCG-1,1
ACGATGTAGAAGGCCT-1,2
ACGATGTCACCACGTG-1,2
ACGATGTCAGGTCGTC-1,5
ACGATGTGTCAGATAA-1,1
ACGATGTGTCCTAGCG-1,3
ACGATGTTCAACACTG-1,3
ACGATGTTCAACCAAC-1,1
ACGATGTTCCAAGTAC-1,3
ACGCAGCAGTAGCGGT-1,1
ACGCAGCAGTGACATA-1,1
ACGCAGCAGTGTCTCA-1,4
ACGCAGCCAGGGATTG-1,1
ACGCAGCCATCAGTCA-1,2
ACGCAGCCATGTTGAC-1,1
ACGCAGCGTATAGGTA-1,6
ACGCAGCGTCATCCCT-1,1
ACGCAGCGTCCGACGT-1,1
ACGCAGCGTGTCGCTG-1,4
ACGCCAGAGAGTAATC-1,5
ACGCCAGGTAAAGGAG-1,6
ACGCCAGGTAGCCTAT-1,1
ACGCCAGGTCTCACCT-1,1
ACGCCAGGTCTCCATC-1,1
ACGCCAGGTGAACCTT-1,3
ACGCCAGGTTAAGATG-1,6
ACGCCAGTCAAGGTAA-1,2
ACGCCAGTCATCACCC-1,6
ACGCCAGTCGTAGATC-1,2
ACGCCAGTCGTAGGTT-1,1
ACGCCAGTCTAAGCCA-1,1
ACGCCAGTCTACTTAC-1,6
ACGCCAGTCTTGTATC-1,3
ACGCCGAAGGACCACA-1,6
ACGCCGACAGGAATGC-1,3
ACGCCGAGTAAACACA-1,4
ACGCCGAGTACTCTCC-1,5
ACGCCGAGTGGTCTCG-1,3
ACGCCGAGTGTAACGG-1,5
ACGCCGAGTTGTTTGG-1,1
ACGCCGATCCTTGACC-1,1
ACGCCGATCTACCAGA-1,4
ACGGAGACACCCTATC-1,1
ACGGAGACACGCCAGT-1,3
ACGGAGACAGGGATTG-1,4
ACGGAGAGTATAGGTA-1,3
ACGGAGAGTCGCCATG-1,3
ACGGAGAGTCTACCTC-1,3
ACGGAGAGTTCGTCTC-1,5
ACGGAGATCCGGGTGT-1,6
ACGGCCAAGCGTCAAG-1,6
ACGGCCAAGGTGCAAC-1,3
ACGGCCAAGTGCGATG-1,1
ACGGCCACAATGTTGC-1,1
ACGGCCATCCCTCTTT-1,2
ACGGGCTAGTAATCCC-1,2
ACGGGCTAGTTCCACA-1,1
ACGGGCTCAAGTCTGT-1,2
ACGGGCTCAATGAATG-1,3
ACGGGCTCAGACGCCT-1,4
ACGGGCTCATTGTGCA-1,6
ACGGGCTGTACCGAGA-1,2
ACGGGCTTCATGTGGT-1,2
ACGGGCTTCGCTAGCG-1,4
ACGGGCTTCGGACAAG-1,1
ACGGGTCAGGCATGTG-1,6
ACGGGTCAGGCCATAG-1,2
ACGGGTCAGTGACTCT-1,1
ACGGGTCAGTTACGGG-1,1
ACGGGTCTCCCTTGCA-1,3
ACGGGTCTCCTGCTTG-1,1
ACGTCAAAGAGTACCG-1,5
ACGTCAAAGCAAATCA-1,1
ACGTCAACAATGAAAC-1,3
ACGTCAAGTAAACACA-1,1
ACGTCAAGTGTTTGTG-1,2
ACGTCAATCCAAACTG-1,2
ACGTCAATCCCTGACT-1,4
ACTATCTAGAATCTCC-1,1
ACTATCTAGAATTGTG-1,4
ACTATCTAGCGTCTAT-1,4
ACTATCTCAAGGGTCA-1,5
ACTATCTCACGGATAG-1,3
ACTATCTCATGCTGGC-1,6
ACTATCTGTTGTGGCC-1,5
ACTATCTGTTTGTGTG-1,2
ACTATCTTCAGTACGT-1,2
ACTATCTTCGCCAGCA-1,2
ACTATCTTCGGATGGA-1,1
ACTATCTTCGTTGCCT-1,2
ACTGAACAGCCGATTT-1,1
ACTGAACCATTCACTT-1,1
ACTGAACGTCGCCATG-1,5
ACTGAACGTCGCGAAA-1,2
ACTGAACGTCGGCACT-1,1
ACTGAACGTGCAGGTA-1,4
ACTGAACGTTCGAATC-1,2
ACTGAACGTTTGTGTG-1,5
ACTGAACTCAACACCA-1,3
ACTGAACTCCGCATCT-1,1
ACTGAACTCCTGCAGG-1,3
ACTGAACTCTCCAGGG-1,3
ACTGAACTCTCTGCTG-1,1
ACTGAGTAGATACACA-1,4
ACTGAGTAGTCCGTAT-1,3
ACTGAGTCAATAACGA-1,1
ACTGAGTCAATAGCGG-1,6
ACTGAGTCATACGCTA-1,5
ACTGAGTCATGCTAGT-1,2
ACTGAGTCATTCCTGC-1,3
ACTGAGTTCCCTTGTG-1,1
ACTGAGTTCTGGTGTA-1,2
ACTGATGAGGATATAC-1,1
ACTGATGAGGCCCTCA-1,2
ACTGATGAGTTCGCGC-1,4
ACTGATGGTTTGCATG-1,1
ACTGATGTCAAACCGT-1,3
ACTGATGTCTCGGACG-1,2
ACTGCTCAGATCTGAA-1,6
ACTGCTCAGCCGGTAA-1,3
ACTGCTCAGGTGCACA-1,3
ACTGCTCAGTGTCCAT-1,3
ACTGCTCCAGCGTTCG-1,1
ACTGCTCCAGGACGTA-1,1
ACTGCTCCAGGTGGAT-1,1
ACTGCTCGTCCGTTAA-1,4
ACTGCTCGTCGAGATG-1,2
ACTGCTCGTCGCGGTT-1,4
ACTGTCCAGATCCCGC-1,2
ACTGTCCAGCACGCCT-1,1
ACTGTCCAGCTAACTC-1,2
ACTGTCCAGTACGACG-1,1
ACTGTCCAGTAGCGGT-1,1
ACTGTCCCACCAACCG-1,3
ACTGTCCCAGATGAGC-1,1
ACTGTCCCATGCAATC-1,1
ACTGTCCGTACATCCA-1,4
ACTGTCCGTACCGTAT-1,2
ACTGTCCGTAGCTTGT-1,1
ACTGTCCGTCGAAAGC-1,6
ACTGTCCGTCGGCATC-1,6
ACTGTCCGTGAGGGTT-1,3
ACTGTCCGTGCAGGTA-1,2
ACTGTCCGTGGTCTCG-1,2
ACTGTCCGTTCAGACT-1,1
ACTGTCCGTTTGGGCC-1,1
ACTTACTCAATGGATA-1,1
ACTTACTCAGCTCCGA-1,2
ACTTACTGTGTGAAAT-1,1
ACTTACTGTTCGCTAA-1,3
ACTTACTTCACCTCGT-1,5
ACTTACTTCCCTAATT-1,1
ACTTACTTCGCTTGTC-1,4
ACTTGTTAGCAGGTCA-1,3
ACTTGTTAGCGCTCCA-1,2
ACTTGTTCAGGAATCG-1,4
ACTTGTTCATCTCCCA-1,2
ACTTGTTGTCATTAGC-1,4
ACTTGTTTCCGCATAA-1,3
ACTTTCAAGCGATCCC-1,3
ACTTTCACAAGAAAGG-1,2
ACTTTCACACGTCTCT-1,3
ACTTTCACAGCAGTTT-1,4
ACTTTCACAGCGAACA-1,1
ACTTTCACAGGGAGAG-1,2
ACTTTCACATGGTTGT-1,2
ACTTTCAGTAATCACC-1,2
ACTTTCAGTCGCATAT-1,3
ACTTTCATCAAAGACA-1,1
ACTTTCATCCCTAACC-1,1
ACTTTCATCTCTTGAT-1,1
AGAATAGAGAAGGTTT-1,5
AGAATAGAGCAATCTC-1,1
AGAATAGAGTATGACA-1,2
AGAATAGCAATGGATA-1,2
AGAATAGCAGCTGGCT-1,2
AGAATAGGTCTTGATG-1,1
AGAATAGGTGGCGAAT-1,2
AGAATAGTCAATCTCT-1,2
AGAATAGTCCGAGCCA-1,3
AGAATAGTCGCCCTTA-1,2
AGACGTTAGGGTGTTG-1,1
AGACGTTAGGTCATCT-1,1
AGACGTTCACATGTGT-1,4
AGACGTTGTAAGTTCC-1,3
AGACGTTGTCAAACTC-1,4
AGACGTTGTCCGAAGA-1,1
AGACGTTGTCGTGGCT-1,6
AGACGTTGTCTCTCTG-1,1
AGACGTTTCCTTTACA-1,1
AGAGCGAAGGACAGAA-1,2
AGAGCGACAAACCCAT-1,2
AGAGCGACACGCATCG-1,5
AGAGCGACACGGATAG-1,1
AGAGCGAGTAGAGCTG-1,3
AGAGCGAGTCAGGACA-1,2
AGAGCGAGTCTTGCGG-1,1
AGAGCGAGTTGATTGC-1,1
AGAGCGATCAATCACG-1,2
AGAGCGATCAGCACAT-1,5
AGAGCGATCATAGCAC-1,2
AGAGCGATCCCTTGTG-1,2
AGAGCGATCGCCTGAG-1,1
AGAGCGATCGCGTTTC-1,1
AGAGCTTAGGCTAGGT-1,1
AGAGCTTAGGCTCTTA-1,1
AGAGCTTCATCAGTAC-1,2
AGAGCTTGTAATCACC-1,1
AGAGCTTGTCTCTTTA-1,6
AGAGCTTTCCTATGTT-1,1
AGAGCTTTCGTCACGG-1,2
AGAGTGGAGACGCACA-1,2
AGAGTGGCACGGCTAC-1,1
AGAGTGGCATTCCTGC-1,5
AGAGTGGGTAGCGCAA-1,5
AGAGTGGGTCGAACAG-1,1
AGAGTGGGTTTAGGAA-1,1
AGATCTGAGAATAGGG-1,1
AGATCTGAGCCCTAAT-1,4
AGATCTGAGTAGGTGC-1,5
AGATCTGAGTCAAGGC-1,2
AGATCTGGTCCGTGAC-1,2
AGATCTGGTTAAGATG-1,3
AGATCTGGTTCCACAA-1,5
AGATCTGTCACCCGAG-1,4
AGATCTGTCAGTTCGA-1,3
AGATCTGTCATAACCG-1,2
AGATCTGTCCAAAGTC-1,5
AGATTGCAGGTCGGAT-1,6
AGATTGCAGTTCCACA-1,2
AGATTGCCAGCCAATT-1,6
AGATTGCCATCCCATC-1,1
AGATTGCGTCCAGTTA-1,4
AGATTGCGTCCGAACC-1,3
AGATTGCGTCCGCTGA-1,5
AGATTGCTCCGCGTTT-1,4
AGATTGCTCCTCATTA-1,1
AGATTGCTCTTGAGAC-1,2
AGCAGCCCAAGAAAGG-1,1
AGCAGCCGTGTAATGA-1,1
AGCAGCCGTTAAGACA-1,1
AGCAGCCGTTCGAATC-1,5
AGCAGCCTCGAACGGA-1,6
AGCAGCCTCGGTGTCG-1,2
AGCAGCCTCTATCCCG-1,4
AGCAGCCTCTTTACAC-1,3
AGCATACAGCAATCTC-1,2
AGCATACAGGACTGGT-1,4
AGCATACCACAGGAGT-1,1
AGCATACGTACCGTTA-1,1
AGCATACGTCCTGCTT-1,6
AGCATACTCCCATTTA-1,5
AGCATACTCTATCCTA-1,1
AGCATACTCTGGTGTA-1,1
AGCCTAAAGAAGGCCT-1,2
AGCCTAAAGACCACGA-1,1
AGCCTAACAAAGAATC-1,2
AGCCTAACATACCATG-1,1
AGCCTAAGTAAACCTC-1,5
AGCCTAAGTCTGATTG-1,4
AGCCTAATCACCCGAG-1,6
AGCCTAATCCGCGTTT-1,4
AGCCTAATCGACCAGC-1,1
AGCGGTCAGATAGGAG-1,6
AGCGGTCAGCCAGTAG-1,5
AGCGGTCAGGCATTGG-1,4
AGCGGTCAGGTCATCT-1,4
AGCGGTCCAATAAGCA-1,3
AGCGGTCCATACGCTA-1,2
AGCGGTCCATCTCCCA-1,5
AGCGGTCGTAGCTTGT-1,2
AGCGGTCGTCAAAGCG-1,1
AGCGGTCTCAAACGGG-1,2
AGCGGTCTCACATACG-1,1
AGCGGTCTCAGGTTCA-1,3
AGCGTATAGCGAGAAA-1,1
AGCGTATAGGTGCTAG-1,6
AGCGTATAGTCATGCT-1,4
AGCGTATCATCTCCCA-1,1
AGCGTATGTGCCTTGG-1,1
AGCGTATTCATTATCC-1,2
AGCGTATTCGGTTCGG-1,2
AGCGTATTCTCCAACC-1,4
AGCGTCGAGCCACCTG-1,3
AGCGTCGAGCCACTAT-1,4
AGCGTCGCATGGAATA-1,1
AGCGTCGGTAGCTGCC-1,3
AGCGTCGGTCGGCTCA-1,6
AGCGTCGGTGACAAAT-1,2
AGCTCCTAGCCAGTTT-1,4
AGCTCCTCACCCATGG-1,2
AGCTCCTGTCATGCAT-1,6
AGCTCCTGTCTAAACC-1,4
AGCTCCTGTGAGGGAG-1,6
AGCTCCTGTGTTAAGA-1,6
AGCTCCTTCGATAGAA-1,5
AGCTCCTTCTTGTCAT-1,4
AGCTCTCAGAGTCGGT-1,2
AGCTCTCAGTGTACTC-1,1
AGCTCTCCAAGTTAAG-1,4
AGCTCTCCACGTAAGG-1,6
AGCTCTCCAGTAGAGC-1,5
AGCTCTCGTCCCGACA-1,4
AGCTCTCTCGTAGATC-1,2
AGCTTGAAGATTACCC-1,1
AGCTTGAAGCCTTGAT-1,1
AGCTTGACAGCTATTG-1,2
AGCTTGACATATGGTC-1,4
AGCTTGAGTACTCTCC-1,1
AGCTTGAGTCATACTG-1,4
AGCTTGAGTGACTACT-1,1
AGCTTGAGTTGCGTTA-1,4
AGCTTGATCACCACCT-1,2
AGGCCACAGTGAAGTT-1,6
AGGCCACCACTTGGAT-1,3
AGGCCACCAGACAAAT-1,1
AGGCCACCATCTCGCT-1,6
AGGCCACGTCTAGAGG-1,4
AGGCCACGTTATCGGT-1,3
AGGCCACTCCACGCAG-1,3
AGGCCACTCCATGAGT-1,1
AGGCCACTCCTTTCTC-1,2
AGGCCGTAGAACTGTA-1,6
AGGCCGTAGAGCTGCA-1,4
AGGCCGTAGAGTGAGA-1,4
AGGCCGTTCATAACCG-1,4
AGGCCGTTCTGCTGTC-1,5
AGGGAGTCATCACGAT-1,4
AGGGAGTCATTACGAC-1,3
AGGGAGTGTCGAATCT-1,4
AGGGAGTTCAGCCTAA-1,3
AGGGAGTTCCTAGGGC-1,2
AGGGATGAGTGCAAGC-1,1
AGGGATGAGTTTCCTT-1,3
AGGGATGCAAGCTGGA-1,3
AGGGATGCAGGCGATA-1,1
AGGGATGCAGGTCTCG-1,1
AGGGATGTCAGCAACT-1,4
AGGGTGAAGCAGACTG-1,5
AGGGTGAAGTGTACTC-1,3
AGGGTGACACGACTCG-1,4
AGGGTGACACGGCGTT-1,3
AGGGTGACAGGCAGTA-1,3
AGGGTGACATACAGCT-1,1
AGGGTGACATGAAGTA-1,2
AGGGTGAGTGACTCAT-1,1
AGGGTGATCAGTTTGG-1,1
AGGGTGATCCCAGGTG-1,3
AGGTCATAGAGCTATA-1,5
AGGTCATAGTGTGGCA-1,6
AGGTCATAGTTAACGA-1,1
AGGTCATGTACAGACG-1,3
AGGTCATGTGCACCAC-1,1
AGGTCATTCAAACGGG-1,5
AGGTCCGCAATGTTGC-1,3
AGGTCCGGTACTTGAC-1,2
AGTAGTCAGCTATGCT-1,4
AGTAGTCAGGAGCGAG-1,6
AGTAGTCCAACTGCGC-1,6
AGTAGTCCAAGTCATC-1,1
AGTAGTCCATACCATG-1,2
AGTAGTCTCAACACCA-1,4
AGTAGTCTCCTCTAGC-1,2
AGTAGTCTCCTTAATC-1,5
AGTAGTCTCTTGAGGT-1,1
AGTCTTTAGTGCCAGA-1,5
AGTCTTTCAAAGGTGC-1,1
AGTCTTTCACGAGAGT-1,1
AGTCTTTCAGACGCTC-1,3
AGTCTTTGTAAGTTCC-1,1
AGTCTTTGTCGGATCC-1,1
AGTCTTTTCATAGCAC-1,2
AGTCTTTTCTGCTGCT-1,4
AGTGAGGAGACAGACC-1,6
AGTGAGGCACGAAATA-1,1
AGTGAGGGTAGAAGGA-1,1
AGTGAGGGTCCTAGCG-1,5
AGTGAGGTCATAAAGG-1,2
AGTGAGGTCGTTACAG-1,2
AGTGAGGTCTTGTTTG-1,2
AGTGGGAAGAGCTGCA-1,2
AGTGGGAAGGCATGGT-1,3
AGTGGGAAGTCGATAA-1,3
AGTGGGACACCCAGTG-1,1
AGTGGGACACCGCTAG-1,1
AGTGGGACACGGATAG-1,4
AGTGGGACATGGGAAC-1,1
AGTGGGAGTCGGCACT-1,2
AGTGGGAGTCTGCGGT-1,3
AGTGGGAGTGTAATGA-1,4
AGTGGGATCAATCACG-1,6
AGTGGGATCAGCACAT-1,1
AGTGTCAAGCCAGTTT-1,1
AGTGTCAAGTGAAGAG-1,2
AGTGTCACAATGGACG-1,6
AGTGTCAGTATAGTAG-1,4
AGTTGGTAGAAGGGTA-1,5
AGTTGGTAGCACACAG-1,5
AGTTGGTAGGAGTCTG-1,3
AGTTGGTCACCAGGCT-1,6
AGTTGGTCAGGTGGAT-1,1
AGTTGGTCAGTAACGG-1,2
AGTTGGTGTTAAGGGC-1,3
AGTTGGTGTTGTTTGG-1,1
AGTTGGTTCAGCACAT-1,2
AGTTGGTTCATACGGT-1,5
ATAACGCCAGTTCCCT-1,4
ATAACGCGTAGGGTAC-1,2
ATAACGCTCAAGGCTT-1,6
ATAACGCTCAATAAGG-1,3
ATAACGCTCACTTATC-1,5
ATAACGCTCGCTTGTC-1,1
ATAACGCTCTACCAGA-1,1
ATAAGAGAGACGCACA-1,6
ATAAGAGAGGAGTACC-1,4
ATAAGAGAGGCCATAG-1,1
ATAAGAGAGGCTAGAC-1,1
ATAAGAGGTGCAGTAG-1,2
ATAAGAGGTTCCACGG-1,1
ATAAGAGTCCAGTAGT-1,4
ATAAGAGTCCATGAGT-1,2
ATAGACCAGTGCCATT-1,5
ATAGACCCACGGTTTA-1,1
ATAGACCCAGTGACAG-1,5
ATAGACCCATGCTAGT-1,4
ATAGACCGTGGGTATG-1,6
ATAGACCTCCGGCACA-1,4
ATCACGAAGATAGCAT-1,1
ATCACGAAGCTTCGCG-1,2
ATCACGAAGGATGTAT-1,1
ATCACGAAGGTGACCA-1,1
ATCACGACAAACGCGA-1,5
ATCACGACAACGATCT-1,1
ATCACGACAAGTCTAC-1,1
ATCACGACACCCATTC-1,2
ATCACGACACCGCTAG-1,1
ATCACGACATGTTGAC-1,1
ATCACGAGTACCATCA-1,3
ATCACGATCAAGATCC-1,3
ATCACGATCTTTCCTC-1,3
ATCATCTAGAATTCCC-1,6
ATCATCTAGCCCGAAA-1,4
ATCATCTAGCTCCCAG-1,4
ATCATCTCAATGGAAT-1,1
ATCATCTCACAACGCC-1,4
ATCATCTCAGCTCCGA-1,1
ATCATCTGTGTTAAGA-1,1
ATCATCTGTTTAAGCC-1,6
ATCATCTGTTTCCACC-1,4
ATCATCTTCAACCAAC-1,2
ATCATCTTCAGGCAAG-1,6
ATCATCTTCCGAGCCA-1,1
ATCATGGAGAGCTTCT-1,4
ATCATGGCAGACAAAT-1,5
ATCATGGCAGATCCAT-1,6
ATCATGGCAGCTGGCT-1,5
ATCATGGGTATGAATG-1,1
ATCATGGTCGGCGCTA-1,5
ATCCACCCAGGGTACA-1,5
ATCCACCCATACGCTA-1,2
ATCCACCCATGGAATA-1,2
ATCCACCGTACTTCTT-1,6
ATCCACCGTCTAGTCA-1,3
ATCCACCTCACCCGAG-1,1
ATCCACCTCCGCATAA-1,1
ATCCGAAAGTCCGTAT-1,2
ATCCGAACACCAGATT-1,5
ATCCGAAGTAGCTTGT-1,3
ATCCGAATCCGTTGCT-1,2
ATCGAGTCAAACCCAT-1,1
ATCGAGTCAAGTACCT-1,2
ATCGAGTCAGAAGCAC-1,1
ATCGAGTCAGTATGCT-1,1
ATCGAGTGTACTCAAC-1,4
ATCGAGTGTCTCCATC-1,1
ATCTACTAGCACCGTC-1,2
ATCTACTAGTGCGATG-1,2
ATCTACTCACCATGTA-1,3
ATCTACTGTCAACATC-1,6
ATCTACTGTTGGTGGA-1,2
ATCTACTGTTTGTGTG-1,2
ATCTACTTCATGCAAC-1,4
ATCTGCCAGCACACAG-1,2
ATCTGCCAGCCACTAT-1,6
ATCTGCCAGCCCAGCT-1,4
ATCTGCCAGGGATGGG-1,5
ATCTGCCGTCACAAGG-1,3
ATCTGCCTCACCTCGT-1,1
ATCTGCCTCAGAGGTG-1,2
ATCTGCCTCTCACATT-1,1
ATGAGGGAGAGTACCG-1,1
ATGAGGGAGGTGTGGT-1,5
ATGAGGGAGTTCGCGC-1,4
ATGAGGGCAATGAAAC-1,1
ATGAGGGCACCTATCC-1,5
ATGAGGGCACCTCGTT-1,2
ATGAGGGGTATCTGCA-1,1
ATGAGGGGTCATTAGC-1,2
ATGAGGGTCCACTCCA-1,6
ATGAGGGTCCACTGGG-1,4
ATGAGGGTCGAGAGCA-1,3
ATGAGGGTCTCTGTCG-1,4
ATGAGGGTCTGATTCT-1,5
ATGAGGGTCTGCCAGG-1,3
ATGAGGGTCTTCGAGA-1,5
ATGCGATCAGTGGAGT-1,4
ATGCGATCATGCCCGA-1,4
ATGCGATGTAGCTAAA-1,3
ATGCGATTCACCCGAG-1,1
ATGCGATTCTCCAGGG-1,1
ATGGGAGAGCGTTGCC-1,2
ATGGGAGAGGGTCGAT-1,4
ATGGGAGCACCGATAT-1,2
ATGGGAGCATGAAGTA-1,3
ATGGGAGGTCTCTCTG-1,2
ATGGGAGGTGGTAACG-1,3
ATGGGAGGTGTAACGG-1,3
ATGGGAGGTGTTCTTT-1,5
ATGGGAGTCAGAGACG-1,1
ATGGGAGTCCTAGGGC-1,1
ATGGGAGTCTGCTGTC-1,1
ATGGGAGTCTGGCGAC-1,1
ATGTGTGAGTGGTAGC-1,5
ATGTGTGAGTGTACCT-1,4
ATGTGTGAGTTGAGTA-1,2
ATGTGTGCAGTCAGAG-1,4
ATGTGTGGTCACTTCC-1,4
ATGTGTGTCAACTCTT-1,1
ATGTGTGTCAGGATCT-1,1
ATGTGTGTCTTACCGC-1,1
ATTACTCAGCACACAG-1,1
ATTACTCAGCTACCTA-1,6
ATTACTCCAATCTACG-1,4
ATTACTCTCAATACCG-1,6
ATTACTCTCCTGCCAT-1,3
ATTATCCAGTCTTGCA-1,2
ATTATCCGTCGCGGTT-1,3
ATTATCCGTCTTGATG-1,2
ATTATCCTCAGGCGAA-1,6
ATTATCCTCGTTACGA-1,5
ATTATCCTCTGCTGCT-1,3
ATTCTACAGACACGAC-1,6
ATTCTACAGATGTTAG-1,1
ATTCTACAGCGAGAAA-1,1
ATTCTACCAGTCACTA-1,1
ATTCTACCATTTCACT-1,5
ATTCTACGTAAGCACG-1,1
ATTCTACGTACCGTTA-1,5
ATTCTACGTATGCTTG-1,1
ATTCTACGTCCGAAGA-1,3
ATTCTACTCGATCCCT-1,2
ATTGGACAGCCATCGC-1,1
ATTGGACAGCGCTTAT-1,5
ATTGGACAGGTGACCA-1,1
ATTGGACCATACGCCG-1,3
ATTGGACCATGTCTCC-1,5
ATTGGACGTCAACATC-1,4
ATTGGACTCAAGATCC-1,4
ATTGGACTCAGTTCGA-1,1
ATTGGACTCTCACATT-1,6
ATTGGTGAGGCGCTCT-1,4
ATTGGTGAGGGTTCCC-1,3
ATTGGTGTCCTTGACC-1,1
ATTGGTGTCGGACAAG-1,5
ATTTCTGAGATCTGCT-1,4
ATTTCTGAGATGCCAG-1,3
ATTTCTGAGGTAAACT-1,1
ATTTCTGAGTCCAGGA-1,1
ATTTCTGCAAACTGCT-1,4
ATTTCTGGTGCCTGCA-1,4
ATTTCTGGTTCAGACT-1,5
ATTTCTGTCTGTTGAG-1,1
ATTTCTGTCTTTCCTC-1,5
CAACCAAAGAGTACAT-1,2
CAACCAACACTCGACG-1,2
CAACCAACAGGTGGAT-1,2
CAACCAACATAAGACA-1,4
CAACCAATCAGGCGAA-1,4
CAACCAATCAGTACGT-1,3
CAACCTCAGAGCTTCT-1,2
CAACCTCAGTGAACAT-1,1
CAACCTCAGTTGCAGG-1,5
CAACCTCGTACTTCTT-1,2
CAACCTCGTCATACTG-1,3
CAACCTCGTGGTCTCG-1,3
CAACCTCTCATGTGGT-1,3
CAACTAGAGAATCTCC-1,1
CAACTAGAGAGACGAA-1,1
CAACTAGAGTACACCT-1,1
CAACTAGCACCAGGTC-1,1
CAACTAGCAGCAGTTT-1,1
CAACTAGCATCGGACC-1,4
CAACTAGGTCATGCAT-1,3
CAACTAGGTTGAACTC-1,2
CAACTAGTCACTTACT-1,2
CAACTAGTCCGTACAA-1,3
CAAGAAAAGCTGTCTA-1,3
CAAGAAAAGGTAAACT-1,4
CAAGAAAAGTTGAGAT-1,6
CAAGAAAGTCTAGTCA-1,6
CAAGAAAGTTACGACT-1,2
CAAGAAAGTTGGGACA-1,2
CAAGAAATCAATCACG-1,3
CAAGAAATCGCTAGCG-1,1
CAAGATCAGATCCGAG-1,1
CAAGATCAGCCGTCGT-1,2
CAAGATCAGGCATTGG-1,2
CAAGATCAGTCCCACG-1,1
CAAGATCGTACGCACC-1,1
CAAGATCGTGTATGGG-1,2
CAAGATCTCACAATGC-1,2
CAAGATCTCCAGATCA-1,3
CAAGATCTCCTCCTAG-1,3
CAAGATCTCGTTTGCC-1,3
CAAGATCTCTGCGACG-1,5
CAAGGCCAGAGAGCTC-1,5
CAAGGCCAGAGTAAGG-1,2
CAAGGCCAGGGTGTGT-1,6
CAAGGCCAGTATTGGA-1,3
CAAGGCCAGTTACCCA-1,4
CAAGGCCCAATAGAGT-1,5
CAAGGCCGTCTCTTTA-1,1
CAAGGCCGTGATGCCC-1,4
CAAGGCCGTGTTCTTT-1,6
CAAGGCCGTTCGCGAC-1,5
CAAGGCCTCTGTACGA-1,2
CAAGTTGAGCAATATG-1,2
CAAGTTGAGGATGGTC-1,5
CAAGTTGCAATGAAAC-1,1
CAAGTTGCACTAGTAC-1,2
CAAGTTGGTTTGACAC-1,3
CACAAACAGCCAGAAC-1,3
CACAAACAGGAGTTGC-1,2
CACAAACAGTTCGCAT-1,6
CACAAACCAGGAATGC-1,1
CACAAACCATTTCACT-1,3
CACAAACGTCCTGCTT-1,2
CACAAACTCTCTGCTG-1,2
CACACAAAGTATCTCG-1,1
CACACAACAATCCAAC-1,2
CACACAACACGCATCG-1,6
CACACAACATAAGACA-1,5
CACACAAGTCTCTTAT-1,1
CACACAAGTGGTGTAG-1,1
CACACAAGTTACAGAA-1,3
CACACAAGTTATGTGC-1,2
CACACAATCAATAAGG-1,4
CACACAATCATGTCCC-1,6
CACACAATCCAAATGC-1,1
CACACAATCCCTCTTT-1,3
CACACAATCCTTTACA-1,3
CACACAATCTACGAGT-1,2
CACACCTAGCTAGTCT-1,3
CACACCTAGGATGCGT-1,1
CACACCTAGTGTTTGC-1,6
CACACCTCACGGTAGA-1,1
CACACCTCACTCTGTC-1,5
CACACCTCACTTACGA-1,5
CACACCTGTATATGGA-1,6
CACACCTGTATTACCG-1,5
CACACCTTCCGTACAA-1,2
CACACCTTCGGCATCG-1,3
CACACCTTCTTCGAGA-1,6
CACACTCAGAAACGCC-1,2
CACACTCAGGAGTTGC-1,6
CACACTCAGGCTATCT-1,1
CACACTCCAAGGTTCT-1,2
CACACTCCAATAAGCA-1,4
CACACTCGTCCATGAT-1,4
CACACTCGTGCCTTGG-1,5
CACACTCTCTTACCGC-1,2
CACAGGCAGCACCGTC-1,1
CACAGGCAGTCATGCT-1,3
CACAGGCCAAGTACCT-1,3
CACAGGCGTATGAATG-1,3
CACAGGCGTTATGTGC-1,5
CACAGGCGTTCCCTTG-1,5
CACAGGCTCCGTCATC-1,1
CACAGGCTCGACCAGC-1,1
CACAGTAAGCTAACTC-1,5
CACAGTAAGTTCCACA-1,2
CACAGTACACCAGATT-1,6
CACAGTAGTAGGGACT-1,4
CACAGTAGTATGAAAC-1,6
CACAGTATCATCGATG-1,4
CACAGTATCCACGTGG-1,1
CACAGTATCTTCTGGC-1,1
CACATAGAGGCGTACA-1,2
CACATAGAGTACGACG-1,1
CACATAGCACTAAGTC-1,1
CACATAGCATGACGGA-1,4
CACATAGCATGCCCGA-1,1
CACATAGTCAGGTAAA-1,3
CACATAGTCCCTAACC-1,1
CACATAGTCCGAGCCA-1,6
CACATAGTCGATGAGG-1,2
CACATAGTCTCTTGAT-1,1
CACATTTAGGCAGGTT-1,5
CACATTTAGTTAAGTG-1,2
CACATTTGTATTAGCC-1,3
CACATTTGTGCTAGCC-1,1
CACATTTTCCGCGGTA-1,5
CACATTTTCCTGTACC-1,6
CACCACTAGACGCAAC-1,1
CACCACTAGCGTCTAT-1,1
CACCACTAGTTAAGTG-1,4
CACCACTCACAGCGTC-1,3
CACCACTCACGGATAG-1,5
CACCACTTCATAACCG-1,4
CACCACTTCTCTGAGA-1,2
CACCAGGCACATCCGG-1,4
CACCAGGGTGTGACCC-1,2
CACCAGGGTTACAGAA-1,2
CACCAGGTCAGCATGT-1,6
CACCAGGTCGTTGCCT-1,6
CACCTTGCAAGAGTCG-1,3
CACCTTGCATATACGC-1,4
CACCTTGGTCACTGGC-1,1
CACCTTGTCCTTTCGG-1,2
CACCTTGTCGAATGGG-1,2
CACTCCAAGACTTGAA-1,5
CACTCCAAGCTACCTA-1,1
CACTCCAGTCACACGC-1,2
CACTCCAGTTACGTCA-1,5
CACTCCATCTGCAGTA-1,2
CAGAATCAGATGTGTA-1,1
CAGAATCAGCTGAAAT-1,6
CAGAATCAGGTGACCA-1,2
CAGAATCAGTCAAGGC-1,2
CAGAATCCAAGCTGTT-1,3
CAGAATCCAAGTCTGT-1,2
CAGAATCCAGCTGCAC-1,1
CAGAATCGTATGAAAC-1,3
CAGAATCTCGGAGCAA-1,1
CAGAATCTCTCGAGTA-1,2
CAGAATCTCTTAGAGC-1,3
CAGAGAGAGACGACGT-1,1
CAGAGAGCAGAAGCAC-1,2
CAGAGAGCAGGACCCT-1,2
CAGAGAGCAGGGTACA-1,1
CAGAGAGTCGCATGAT-1,2
CAGAGAGTCTTGCATT-1,1
CAGATCAAGACATAAC-1,3
CAGATCAAGAGTGACC-1,5
CAGATCAAGCCGGTAA-1,1
CAGATCAAGGACATTA-1,3
CAGATCAAGGGCTTGA-1,6
CAGATCACAAGCGTAG-1,2
CAGATCACAGCGAACA-1,3
CAGATCAGTCAGTGGA-1,3
CAGATCAGTCGCTTTC-1,4
CAGATCAGTGCACCAC-1,2
CAGATCAGTGGTACAG-1,2
CAGATCATCACTCCTG-1,5
CAGATCATCACTCTTA-1,1
CAGCAGCTCACGATGT-1,1
CAGCATAAGAGCCTAG-1,3
CAGCATACACCTCGTT-1,1
CAGCATAGTGATGTGG-1,6
CAGCATAGTTACCGAT-1,4
CAGCATATCGGTTCGG-1,2
CAGCCGAAGTTCGCAT-1,1
CAGCCGACAAGGTTTC-1,1
CAGCCGACAGACGCAA-1,4
CAGCCGACAGTCTTCC-1,3
CAGCCGAGTAGGCTGA-1,4
CAGCCGATCAAGGTAA-1,2
CAGCCGATCAGATAAG-1,3
CAGCCGATCGGTCCGA-1,3
CAGCCGATCGGTCTAA-1,3
CAGCCGATCTGGCGAC-1,2
CAGCGACAGATCTGAA-1,1
CAGCGACAGCGAAGGG-1,3
CAGCGACAGTCTTGCA-1,2
CAGCGACAGTTACCCA-1,2
CAGCGACCAGCGATCC-1,3
CAGCGACTCAGAGACG-1,1
CAGCGACTCTCAACTT-1,2
CAGCTAAAGTGTACGG-1,4
CAGCTAACAGCCAATT-1,1
CAGCTAACAGGCTGAA-1,2
CAGCTAACATGCAACT-1,5
CAGCTAACATGGGACA-1,4
CAGCTAATCTATCGCC-1,2
CAGCTAATCTGAGTGT-1,2
CAGCTAATCTGGCGAC-1,4
CAGCTGGAGCGTCTAT-1,1
CAGCTGGAGGGTATCG-1,5
CAGCTGGAGTCTCCTC-1,3
CAGCTGGCAACGATCT-1,6
CAGCTGGCAAGTCTAC-1,2
CAGCTGGCAAGTCTGT-1,3
CAGCTGGCACAGTCGC-1,1
CAGCTGGCACCTCGTT-1,2
CAGCTGGCATTACCTT-1,5
CAGCTGGTCTTGAGGT-1,1
CAGGTGCAGGAGCGAG-1,4
CAGGTGCAGGATATAC-1,3
CAGGTGCAGGCTCAGA-1,5
CAGGTGCAGGTGCTAG-1,3
CAGGTGCAGTTGAGAT-1,3
CAGGTGCGTCTCAACA-1,5
CAGGTGCTCATCATTC-1,4
CAGGTGCTCGGCGCAT-1,2
CAGTAACAGTCTCGGC-1,2
CAGTAACGTCTAGTCA-1,4
CAGTAACTCCACGTGG-1,3
CAGTAACTCGTGGTCG-1,1
CAGTAACTCGTTGACA-1,4
CAGTCCTAGTCCAGGA-1,3
CAGTCCTCAAACTGTC-1,1
CAGTCCTCAAGGTTTC-1,5
CAGTCCTGTATTAGCC-1,1
CAGTCCTTCACAAACC-1,6
CAGTCCTTCGTACCGG-1,5
CAGTCCTTCGTCACGG-1,6
CATATGGAGGTGACCA-1,5
CATATGGAGTCCTCCT-1,6
CATATGGAGTGGTCCC-1,1
CATATGGCACGTCAGC-1,2
CATATGGCAGACAAAT-1,2
CATATGGTCCACGCAG-1,2
CATATGGTCGCATGAT-1,5
CATATTCAGAAACCGC-1,1
CATATTCAGAGAGCTC-1,1
CATATTCGTCAGCTAT-1,3
CATCAAGAGAACAATC-1,2
CATCAAGCAGGATCGA-1,3
CATCAAGCAGGTGCCT-1,2
CATCAAGCATGATCCA-1,4
CATCAAGGTCAAGCGA-1,4
CATCAAGGTGGTTTCA-1,2
CATCAAGTCCTTAATC-1,2
CATCAAGTCTAACTCT-1,2
CATCAGAAGAAGAAGC-1,1
CATCAGAAGAAGGGTA-1,1
CATCAGAAGAATTCCC-1,1
CATCAGACACATTCGA-1,1
CATCAGACATCGGAAG-1,4
CATCAGACATGTCTCC-1,2
CATCAGAGTAAACACA-1,4
CATCAGAGTCATGCCG-1,2
CATCAGAGTGTAACGG-1,5
CATCAGATCAAGCCTA-1,6
CATCCACAGACTTTCG-1,6
CATCCACAGAGGACGG-1,1
CATCCACAGAGTAAGG-1,1
CATCCACCAACTTGAC-1,1
CATCCACCATATGAGA-1,2
CATCCACGTGAGTATA-1,2
CATCCACGTTATGCGT-1,6
CATCCACGTTCGTCTC-1,3
CATCCACTCGCATGAT-1,1
CATCGAAAGGCTAGAC-1,5
CATCGAAAGTGTGAAT-1,4
CATCGAACAAGCCTAT-1,1
CATCGAACAATACGCT-1,2
CATCGAACATATGAGA-1,5
CATCGAAGTTATCACG-1,1
CATCGAATCCTGTAGA-1,1
CATCGAATCTGCCCTA-1,2
CATCGGGAGCTCTCGG-1,2
CATCGGGAGGACGAAA-1,1
CATCGGGAGGCATGTG-1,2
CATCGGGAGTACACCT-1,2
CATCGGGCAATGGAAT-1,1
CATCGGGCATAAAGGT-1,4
CATCGGGCATGCATGT-1,1
CATCGGGGTACCGTAT-1,3
CATCGGGGTAGCCTCG-1,1
CATCGGGGTTCCCGAG-1,2
CATCGGGTCAAACAAG-1,2
CATCGGGTCTAACTTC-1,1
CATGACAAGGACGAAA-1,1
CATGACACAACACGCC-1,2
CATGACACAATGGAGC-1,1
CATGACACACATAACC-1,6
CATGACACAGAAGCAC-1,4
CATGACACAGTACACT-1,4
CATGACACATTGGTAC-1,1
CATGACACATTTGCCC-1,2
CATGACAGTCTACCTC-1,1
CATGACAGTGCTCTTC-1,2
CATGACATCTAACTCT-1,2
CATGACATCTCGCATC-1,6
CATGCCTAGATCACGG-1,3
CATGCCTAGATGTCGG-1,2
CATGCCTCACTCGACG-1,2
CATGCCTCAGACGTAG-1,2
CATGCCTGTACCGAGA-1,4
CATGCCTGTCGGCATC-1,2
CATGCCTGTGCTGTAT-1,1
CATGCCTTCACAAACC-1,1
CATGCCTTCACAGGCC-1,6
CATGCCTTCCCTAACC-1,6
CATGGCGAGAGCTTCT-1,3
CATGGCGCAGCGATCC-1,4
CATGGCGTCAATACCG-1,1
CATGGCGTCATGTGGT-1,4
CATGGCGTCCTGCTTG-1,3
CATTATCAGACAAAGG-1,6
CATTATCAGACCACGA-1,3
CATTATCAGCGACGTA-1,3
CATTATCAGGCCCTCA-1,2
CATTATCCATCCCACT-1,3
CATTATCGTTCCGTCT-1,2
CATTATCTCCCTAATT-1,1
CATTCGCAGAATGTTG-1,3
CATTCGCAGGCACATG-1,2
CATTCGCCACAAGTAA-1,5
CATTCGCCACATCCAA-1,5
CATTCGCCACCACGTG-1,2
CATTCGCCACGGATAG-1,4
CATTCGCCAGGAATGC-1,5
CATTCGCCATACCATG-1,1
CATTCGCCATCGTCGG-1,5
CATTCGCGTACCAGTT-1,2
CATTCGCTCAGAAATG-1,5
CATTCGCTCTTAGAGC-1,4
CCAATCCCAAGCGAGT-1,3
CCAATCCCACTTACGA-1,4
CCAATCCGTAGCTCCG-1,3
CCAATCCGTCATATCG-1,2
CCAATCCGTCCGAGTC-1,1
CCAATCCGTTCAACCA-1,2
CCAATCCGTTCCGGCA-1,2
CCAATCCGTTTCGCTC-1,6
CCAATCCGTTTGTTTC-1,2
CCAATCCTCACTTCAT-1,3
CCAATCCTCGGTCCGA-1,4
CCACCTACAATGGAGC-1,5
CCACCTACACGCATCG-1,2
CCACCTACAGTCAGCC-1,4
CCACCTACATCGGACC-1,1
CCACCTAGTAAGGGAA-1,1
CCACCTAGTCTGGAGA-1,5
CCACCTAGTTACGTCA-1,1
CCACCTATCATCTGTT-1,5
CCACCTATCATTATCC-1,3
CCACCTATCTTGGGTA-1,6
CCACCTATCTTTCCTC-1,3
CCACGGAAGCGCTTAT-1,6
CCACGGAAGCTAGCCC-1,4
CCACGGAAGTAATCCC-1,1
CCACGGAAGTGAAGTT-1,3
CCACGGACAACACCTA-1,1
CCACGGACAATCGAAA-1,1
CCACGGAGTCTCCACT-1,4
CCACGGAGTGGGTCAA-1,4
CCACGGAGTTTGACAC-1,3
CCACGGATCAATAAGG-1,3
CCACGGATCAGAGACG-1,5
CCACGGATCATGCATG-1,6
CCACGGATCGAGAACG-1,5
CCACGGATCTGCTGCT-1,5
CCACGGATCTTCGAGA-1,2
CCACTACAGATCCTGT-1,5
CCACTACCAAAGGAAG-1,1
CCACTACCACTGTTAG-1,6
CCACTACCATTTCACT-1,2
CCACTACGTAAGGGAA-1,6
CCACTACGTAGGGTAC-1,2
CCACTACGTCGACTGC-1,6
CCACTACGTGATGTGG-1,5
CCACTACTCAATAAGG-1,2
CCACTACTCCGGGTGT-1,1
CCAGCGAAGAGTCTGG-1,5
CCAGCGAAGAGTGACC-1,1
CCAGCGAAGCGTTGCC-1,1
CCAGCGAAGTGTCTCA-1,3
CCAGCGAAGTTCCACA-1,3
CCAGCGACACGTTGGC-1,6
CCAGCGACAGATCGGA-1,6
CCAGCGACAGGCTGAA-1,3
CCAGCGAGTATTCTCT-1,2
CCAGCGAGTCTAAACC-1,2
CCAGCGAGTGTTCTTT-1,5
CCAGCGATCTGCAAGT-1,1
CCAGCGATCTTCAACT-1,1
CCATGTCAGACGCAAC-1,2
CCATGTCCAGATCGGA-1,5
CCATGTCGTAGCGATG-1,3
CCATGTCGTGTCAATC-1,4
CCATGTCGTGTTTGTG-1,4
CCATGTCTCAGATAAG-1,1
CCATGTCTCATTGCGA-1,4
CCATGTCTCCCTCAGT-1,2
CCATGTCTCTCGATGA-1,1
CCATGTCTCTGCGACG-1,2
CCATGTCTCTTGCCGT-1,4
CCATTCGAGATAGCAT-1,6
CCATTCGAGCGCTTAT-1,2
CCATTCGAGGCCATAG-1,1
CCATTCGGTAGGCATG-1,4
CCATTCGTCATCACCC-1,5
CCCAATCAGACATAAC-1,3
CCCAATCAGACTGGGT-1,4
CCCAATCCAACAACCT-1,2
CCCAATCCAGCCAGAA-1,6
CCCAATCCAGTATGCT-1,2
CCCAATCCATAGACTC-1,5
CCCAATCCATCCTTGC-1,2
CCCAATCGTAAATGTG-1,3
CCCAATCGTAAGGGCT-1,3
CCCAATCGTGAAAGAG-1,2
CCCAATCTCGTCGTTC-1,1
CCCAATCTCTCCCTGA-1,3
CCCAGTTCACCAGGTC-1,3
CCCAGTTCACCATCCT-1,5
CCCAGTTCACGGACAA-1,1
CCCAGTTCAGTGGAGT-1,6
CCCAGTTGTAGCGCTC-1,6
CCCAGTTGTGAGTGAC-1,1
CCCAGTTTCAGCGATT-1,5
CCCAGTTTCTCGGACG-1,6
CCCAGTTTCTGACCTC-1,2
CCCAGTTTCTGCTTGC-1,3
CCCATACAGGTACTCT-1,4
CCCATACGTCTCGTTC-1,1
CCCATACGTTCAGACT-1,1
CCCATACTCACTCTTA-1,1
CCCATACTCTACGAGT-1,2
CCCTCCTAGTGTTTGC-1,1
CCCTCCTCAACGCACC-1,3
CCCTCCTCAATGTAAG-1,4
CCCTCCTCATCGGGTC-1,1
CCCTCCTGTCCGAGTC-1,2
CCCTCCTTCGTACGGC-1,2
CCCTCCTTCTGCAGTA-1,2
CCCTCCTTCTGGCGAC-1,2
CCGGGATCAAAGGAAG-1,2
CCGGGATCACATAACC-1,6
CCGGGATCATTCCTGC-1,3
CCGGGATGTATAAACG-1,2
CCGGGATGTTTAGGAA-1,2
CCGGGATTCAGGCGAA-1,3
CCGGGATTCAGTACGT-1,6
CCGGGATTCATGGTCA-1,5
CCGGGATTCTGTACGA-1,2
CCGGTAGAGTGTGGCA-1,2
CCGGTAGAGTTGAGAT-1,5
CCGGTAGCAAGGTTCT-1,1
CCGGTAGCATGCCTAA-1,4
CCGGTAGCATGGATGG-1,1
CCGGTAGGTATTAGCC-1,4
CCGGTAGGTTTAGGAA-1,3
CCGTACTCACGCATCG-1,1
CCGTACTCACGGTAGA-1,2
CCGTACTCATCCGGGT-1,5
CCGTACTGTATCTGCA-1,2
CCGTACTGTCTACCTC-1,1
CCGTACTGTTCAGGCC-1,1
CCGTACTTCCTATGTT-1,2
CCGTGGAAGAAAGTGG-1,6
CCGTGGAAGCAATATG-1,6
CCGTGGAAGCTGAACG-1,1
CCGTGGAGTTCTGGTA-1,1
CCGTGGATCAGGCGAA-1,6
CCGTGGATCCCTAACC-1,3
CCGTGGATCGATAGAA-1,6
CCGTTCAAGACTAAGT-1,1
CCGTTCACATGCCACG-1,4
CCGTTCACATGTTCCC-1,3
CCGTTCATCATCTGTT-1,1
CCGTTCATCGAACGGA-1,6
CCTAAAGAGATGCCTT-1,2
CCTAAAGAGATGGGTC-1,1
CCTAAAGAGGATCGCA-1,5
CCTAAAGAGTACCGGA-1,4
CCTAAAGCAGTCCTTC-1,1
CCTAAAGGTTGGTGGA-1,2
CCTAAAGTCATGTGGT-1,6
CCTAAAGTCGAGAGCA-1,6
CCTACACAGTATTGGA-1,3
CCTACACCAGGAATGC-1,4
CCTACACGTCACACGC-1,2
CCTACACTCACTCTTA-1,2
CCTACACTCATAACCG-1,5
CCTACACTCATATCGG-1,2
CCTACACTCATGTCCC-1,2
CCTACCAAGCAGACTG-1,2
CCTACCACAAATACAG-1,6
CCTACCACAATCCAAC-1,2
CCTACCAGTCCTGCTT-1,3
CCTACCATCATCGCTC-1,1
CCTACCATCGAACTGT-1,5
CCTAGCTAGAATAGGG-1,6
CCTAGCTAGACACGAC-1,1
CCTAGCTAGGGATACC-1,3
CCTAGCTCAAGAGTCG-1,1
CCTAGCTCAGCTGTAT-1,2
CCTAGCTCATGCAACT-1,4
CCTAGCTGTCTGGAGA-1,3
CCTAGCTGTTATGCGT-1,2
CCTATTAAGATAGGAG-1,4
CCTATTAAGTACCGGA-1,5
CCTATTACACAGAGGT-1,2
CCTATTACATACAGCT-1,1
CCTATTACATGAGCGA-1,1
CCTATTAGTATGAAAC-1,2
CCTATTAGTTACGCGC-1,5
CCTATTAGTTCCCTTG-1,5
CCTATTATCAACACTG-1,1
CCTATTATCTGACCTC-1,1
CCTCAGTAGAGCTGCA-1,1
CCTCAGTAGCTACCTA-1,6
CCTCAGTAGGCAGTCA-1,5
CCTCAGTAGGTGATAT-1,2
CCTCAGTCACCCATGG-1,1
CCTCAGTCACTATCTT-1,2
CCTCAGTCAGCTATTG-1,4
CCTCAGTCATACAGCT-1,6
CCTCAGTGTACGCTGC-1,4
CCTCTGAAGCCTATGT-1,2
CCTCTGAAGTATGACA-1,1
CCTCTGACAAAGGAAG-1,1
CCTCTGACAAGACACG-1,3
CCTCTGACAAGCCTAT-1,3
CCTCTGACAGGGTACA-1,2
CCTCTGACATCACCCT-1,2
CCTCTGAGTGGGTATG-1,4
CCTCTGATCATGCAAC-1,5
CCTCTGATCGGTCTAA-1,1
CCTTACGAGCGATGAC-1,3
CCTTACGAGTTTCCTT-1,4
CCTTACGCACAACGTT-1,5
CCTTACGGTGCGAAAC-1,5
CCTTACGTCTCTTGAT-1,3
CCTTCCCAGAGAGCTC-1,5
CCTTCCCAGGGTTTCT-1,1
CCTTCCCAGTAAGTAC-1,4
CCTTCCCCAAGGTGTG-1,1
CCTTCCCCACCCTATC-1,5
CCTTCCCCATATACCG-1,4
CCTTCCCGTCGCATCG-1,3
CCTTCCCTCAAACAAG-1,1
CCTTCCCTCAACTCTT-1,5
CCTTCCCTCATTTGGG-1,2
CCTTCGAAGATGTTAG-1,1
CCTTCGACATGCTAGT-1,2
CCTTCGAGTAAGTGTA-1,4
CCTTCGAGTCCAGTGC-1,2
CCTTCGAGTCGCGAAA-1,2
CCTTCGAGTTACTGAC-1,5
CCTTCGAGTTAGGGTG-1,2
CCTTCGAGTTGTCTTT-1,5
CCTTCGAGTTTAAGCC-1,2
CCTTCGAGTTTGACAC-1,3
CCTTCGATCTGCTTGC-1,3
CCTTTCTAGCCGATTT-1,5
CCTTTCTCAGCTCGAC-1,6
CCTTTCTCATAAGACA-1,4
CCTTTCTTCCTAGGGC-1,2
CGAACATAGGAATCGC-1,1
CGAACATCAATCCGAT-1,5
CGAACATCAGGGATTG-1,2
CGAACATGTGTAACGG-1,1
CGAACATGTTCCAACA-1,1
CGAACATTCAACACGT-1,6
CGAACATTCGCTGATA-1,5
CGAACATTCGGTGTCG-1,1
CGAACATTCGTTACAG-1,1
CGAATGTAGCCGCCTA-1,1
CGAATGTAGCGTTCCG-1,4
CGAATGTAGCTGAAAT-1,3
CGAATGTAGGACTGGT-1,4
CGAATGTAGTCCCACG-1,6
CGAATGTCACGTAAGG-1,4
CGAATGTCATTGAGCT-1,1
CGAATGTTCATGTAGC-1,1
CGAATGTTCCAACCAA-1,6
CGAATGTTCCACGTGG-1,2
CGACCTTAGATGCCTT-1,2
CGACCTTAGTTGAGAT-1,1
CGACCTTCACATGGGA-1,3
CGACCTTCATCCTTGC-1,4
CGACCTTGTAGAAAGG-1,1
CGACCTTGTGGAAAGA-1,2
CGACCTTTCAAAGACA-1,1
CGACCTTTCACATAGC-1,4
CGACCTTTCCCTAATT-1,2
CGACCTTTCGAGCCCA-1,2
CGACCTTTCGCACTCT-1,2
CGACCTTTCTTGCATT-1,2
CGACTTCAGGGCTTCC-1,2
CGACTTCCACTAGTAC-1,5
CGACTTCGTCAGCTAT-1,4
CGACTTCGTCAGTGGA-1,2
CGACTTCGTCTAACGT-1,3
CGACTTCGTGAAAGAG-1,2
CGACTTCGTGGCGAAT-1,3
CGACTTCGTGGCTCCA-1,1
CGACTTCTCAGAGGTG-1,4
CGACTTCTCAGCGATT-1,2
CGACTTCTCCTAAGTG-1,1
CGACTTCTCGCAAACT-1,6
CGACTTCTCTGTTGAG-1,6
CGACTTCTCTTACCTA-1,1
CGAGAAGAGACTACAA-1,1
CGAGAAGAGCGTAATA-1,4
CGAGAAGAGTTCCACA-1,2
CGAGAAGCAATTCCTT-1,2
CGAGAAGGTAGCTAAA-1,1
CGAGAAGGTTCAGTAC-1,6
CGAGAAGGTTCCACAA-1,2
CGAGAAGGTTTGGGCC-1,1
CGAGAAGTCAAGGTAA-1,4
CGAGAAGTCACATAGC-1,1
CGAGAAGTCGGAATCT-1,6
CGAGAAGTCTCAAACG-1,1
CGAGAAGTCTTCTGGC-1,5
CGAGCACAGTAGATGT-1,2
CGAGCACCACATCCAA-1,2
CGAGCACCACTGTGTA-1,2
CGAGCACCAGGGCATA-1,6
CGAGCACCATACTCTT-1,5
CGAGCACTCACATAGC-1,1
CGAGCACTCACTCTTA-1,2
CGAGCACTCGTACGGC-1,1
CGAGCACTCGTGGTCG-1,2
CGAGCCAAGAGTAAGG-1,3
CGAGCCACACCACCAG-1,6
CGAGCCACAGTGAGTG-1,6
CGAGCCAGTGTCAATC-1,6
CGAGCCAGTTAAGATG-1,5
CGAGCCATCCTTGGTC-1,4
CGATCGGAGCCAGTAG-1,3
CGATCGGAGCTAACAA-1,2
CGATCGGGTCGTTGTA-1,5
CGATCGGTCGGCGCAT-1,4
CGATCGGTCTACTTAC-1,1
CGATCGGTCTGCTTGC-1,1
CGATGGCAGCCACGCT-1,1
CGATGGCAGTCATCCA-1,6
CGATGGCGTACAAGTA-1,3
CGATGGCGTACCGTAT-1,6
CGATGGCGTACTTGAC-1,4
CGATGGCGTCAGTGGA-1,4
CGATGGCTCACATAGC-1,5
CGATGGCTCATCATTC-1,1
CGATGGCTCTGCTTGC-1,1
CGATGTAAGACTAAGT-1,4
CGATGTAAGACTACAA-1,5
CGATGTAAGCAGGTCA-1,2
CGATGTAAGGATGCGT-1,1
CGATGTAAGTGGACGT-1,2
CGATGTACAAGAAAGG-1,4
CGATGTACAAGCGCTC-1,2
CGATGTACATCTACGA-1,3
CGATGTAGTTGATTCG-1,1
CGATGTATCAAGCCTA-1,4
CGATGTATCAGTGTTG-1,3
CGATGTATCCCTTGTG-1,6
CGATTGACAACTTGAC-1,6
CGATTGACAATAAGCA-1,1
CGATTGACACACCGAC-1,1
CGATTGACACCAGATT-1,1
CGATTGACACTCAGGC-1,2
CGATTGACAGTCCTTC-1,2
CGATTGAGTCAGGACA-1,1
CGATTGAGTGTTTGTG-1,6
CGATTGATCCTCAATT-1,2
CGATTGATCGTCACGG-1,1
CGATTGATCTCTTGAT-1,2
CGATTGATCTTCTGGC-1,6
CGCCAAGAGAGTCGGT-1,5
CGCCAAGAGCGCCTTG-1,1
CGCCAAGAGTCGCCGT-1,6
CGCCAAGCACGCATCG-1,6
CGCCAAGCATAGTAAG-1,2
CGCCAAGCATGAAGTA-1,2
CGCCAAGGTAACGTTC-1,1
CGCCAAGTCGGTGTCG-1,2
CGCCAAGTCTATGTGG-1,6
CGCGGTAAGTTTAGGA-1,3
CGCGGTACAGGACCCT-1,1
CGCGGTACATGTCGAT-1,4
CGCGGTATCACAACGT-1,5
CGCGGTATCCCAGGTG-1,2
CGCGGTATCCTAAGTG-1,3
CGCGTTTAGATCGATA-1,3
CGCGTTTAGCGTTCCG-1,1
CGCGTTTCACTCAGGC-1,3
CGCGTTTGTCGCGAAA-1,3
CGCGTTTTCACAATGC-1,1
CGCGTTTTCCCAAGTA-1,5
CGCGTTTTCCGGGTGT-1,6
CGCGTTTTCTGGCGAC-1,3
CGCTATCAGACTAAGT-1,6
CGCTATCAGTAGGCCA-1,4
CGCTATCAGTGAAGTT-1,1
CGCTATCCAAGCCTAT-1,6
CGCTATCCACGCCAGT-1,2
CGCTATCCACGGCGTT-1,3
CGCTATCGTACCGAGA-1,1
CGCTATCGTCGGCTCA-1,2
CGCTATCTCATGTCTT-1,2
CGCTGGAAGAAGGACA-1,3
CGCTGGAAGACCACGA-1,5
CGCTGGAAGCCTCGTG-1,6
CGCTGGACAAAGCAAT-1,2
CGCTGGACAAGCGCTC-1,4
CGCTGGACACGGACAA-1,2
CGCTGGAGTACTCGCG-1,5
CGCTGGAGTCCAAGTT-1,2
CGCTGGAGTCGGCTCA-1,2
CGCTGGAGTTAAGGGC-1,2
CGCTGGAGTTCCAACA-1,5
CGCTGGATCGAATCCA-1,2
CGCTTCAAGCTAGCCC-1,4
CGCTTCAAGTGAACAT-1,6
CGCTTCACAAAGAATC-1,1
CGCTTCACAATAGCAA-1,2
CGCTTCACATGTTCCC-1,2
CGCTTCAGTCCTGCTT-1,5
CGCTTCAGTTCATGGT-1,1
CGGACACAGAAAGTGG-1,1
CGGACACAGTCGTTTG-1,2
CGGACACAGTGTCCCG-1,2
CGGACACCAGGCAGTA-1,2
CGGACACGTAAGAGAG-1,2
CGGACACGTCAGAGGT-1,5
CGGACACGTCAGCTAT-1,3
CGGACACGTCGCTTCT-1,6
CGGACACGTTTGACTG-1,1
CGGACACTCCACGTGG-1,1
CGGACACTCGGAAATA-1,3
CGGACACTCGTAGGAG-1,5
CGGACGTAGACAAAGG-1,2
CGGACGTAGTACACCT-1,1
CGGACGTCACCACCAG-1,2
CGGACGTGTAGGCTGA-1,6
CGGACGTGTGTTAAGA-1,1
CGGACGTGTTTACTCT-1,3
CGGACGTTCTTGCCGT-1,1
CGGACTGAGATGCGAC-1,2
CGGACTGAGCGCCTCA-1,1
CGGACTGCAAGCTGTT-1,1
CGGACTGCACAGGAGT-1,4
CGGACTGGTCCGTCAG-1,5
CGGACTGTCCAGGGCT-1,2
CGGACTGTCCCATTTA-1,3
CGGACTGTCCCTCAGT-1,1
CGGACTGTCTTCAACT-1,6
CGGACTGTCTTGAGAC-1,2
CGGAGCTAGGGAAACA-1,2
CGGAGCTCATATGGTC-1,1
CGGAGCTCATTCGACA-1,5
CGGAGCTCATTGTGCA-1,4
CGGAGCTGTCGAGTTT-1,3
CGGAGCTGTCTAGAGG-1,1
CGGAGCTGTGCTAGCC-1,1
CGGAGCTTCATTTGGG-1,5
CGGAGCTTCGGCTACG-1,6
CGGAGTCAGGACATTA-1,5
CGGAGTCCACGCCAGT-1,6
CGGAGTCCAGACGCTC-1,2
CGGAGTCGTACCGCTG-1,6
CGGAGTCGTCTGCGGT-1,3
CGGAGTCGTTGCGTTA-1,5
CGGAGTCTCAGGCCCA-1,1
CGGAGTCTCTGTTTGT-1,5
CGGCTAGAGGACACCA-1,1
CGGCTAGCAGGATTGG-1,2
CGGCTAGGTTCCCGAG-1,3
CGGCTAGTCAGTTTGG-1,4
CGGCTAGTCCAGTAGT-1,3
CGGCTAGTCGCTGATA-1,6
CGGCTAGTCTCCCTGA-1,2
CGGGTCAAGACTACAA-1,2
CGGGTCAAGTCATGCT-1,5
CGGGTCACAGCTTCGG-1,2
CGGTTAAAGACACTAA-1,6
CGGTTAAAGCTCCTTC-1,3
CGGTTAAAGGATGGAA-1,4
CGGTTAAAGTGCGTGA-1,3
CGGTTAACACAACTGT-1,5
CGGTTAACACTGTGTA-1,1
CGGTTAAGTATAGGGC-1,6
CGGTTAATCACAAACC-1,3
CGGTTAATCCCAAGTA-1,2
CGTAGCGAGAATTCCC-1,6
CGTAGCGAGAGTACAT-1,2
CGTAGCGCAGCCAGAA-1,3
CGTAGCGCATCTCCCA-1,2
CGTAGCGCATTCTTAC-1,5
CGTAGCGTCACCCTCA-1,2
CGTAGCGTCACGACTA-1,1
CGTAGCGTCCCAACGG-1,3
CGTAGCGTCCGCTGTT-1,1
CGTAGCGTCCTAGGGC-1,3
CGTAGGCAGCACGCCT-1,3
CGTAGGCAGGCAAAGA-1,2
CGTAGGCCACAGGCCT-1,1
CGTAGGCCACGGCGTT-1,4
CGTAGGCCACTAAGTC-1,2
CGTAGGCCATCTATGG-1,1
CGTAGGCGTAAGGGCT-1,6
CGTAGGCGTATTAGCC-1,2
CGTAGGCGTCTGATCA-1,2
CGTAGGCGTTGACGTT-1,6
CGTAGGCTCAACCATG-1,2
CGTAGGCTCATGCAAC-1,5
CGTAGGCTCGTTGCCT-1,4
CGTCACTCAGATCGGA-1,2
CGTCACTGTAGGCATG-1,3
CGTCACTTCCGCTGTT-1,3
CGTCACTTCCTTTCGG-1,1
CGTCACTTCGTTGCCT-1,3
CGTCACTTCTATCGCC-1,2
CGTCACTTCTCCCTGA-1,6
CGTCAGGAGAGCTATA-1,2
CGTCAGGGTTTGACTG-1,2
CGTCCATAGATGTTAG-1,1
CGTCCATAGGAGTTGC-1,1
CGTCCATAGGGTGTTG-1,2
CGTCCATAGTCGTTTG-1,1
CGTCCATGTAGGACAC-1,3
CGTCCATGTCGAGATG-1,4
CGTCCATTCAACACTG-1,1
CGTCCATTCCACGTTC-1,4
CGTCCATTCTTCAACT-1,2
CGTCTACAGTGGAGTC-1,1
CGTCTACCAACCGCCA-1,6
CGTCTACCACGGCTAC-1,4
CGTCTACCATCCGTGG-1,1
CGTCTACGTCTGATCA-1,2
CGTCTACGTGCCTTGG-1,4
CGTCTACGTTGTACAC-1,1
CGTCTACTCACGATGT-1,2
CGTCTACTCGCTTGTC-1,3
CGTGAGCAGAAGGTTT-1,2
CGTGAGCAGATATGGT-1,5
CGTGAGCCACACATGT-1,4
CGTGAGCCACAGGCCT-1,1
CGTGAGCCACATCTTT-1,2
CGTGAGCGTTCGTTGA-1,1
CGTGAGCTCACCCTCA-1,2
CGTGAGCTCAGCACAT-1,3
CGTGAGCTCATCGGAT-1,2
CGTGAGCTCCAGATCA-1,1
CGTGAGCTCCTATGTT-1,3
CGTGAGCTCGCCATAA-1,1
CGTGAGCTCTGTCAAG-1,5
CGTGTAAAGCGTGAAC-1,1
CGTGTAACAAACGCGA-1,5
CGTGTAACAGACAAGC-1,1
CGTGTAAGTAGCAAAT-1,1
CGTGTAATCCTAAGTG-1,3
CGTGTAATCGCGCCAA-1,5
CGTGTCTAGATCTGCT-1,2
CGTGTCTAGCTAACTC-1,5
CGTGTCTAGTAGGTGC-1,4
CGTGTCTCAAGCGCTC-1,2
CGTGTCTCAGGGATTG-1,4
CGTGTCTGTCAACATC-1,1
CGTGTCTGTCAACTGT-1,5
CGTGTCTGTGACGCCT-1,1
CGTGTCTGTTGAGGTG-1,2
CGTGTCTTCAGAGCTT-1,2
CGTGTCTTCGCACTCT-1,5
CGTGTCTTCTGTGCAA-1,1
CGTTAGAAGAAACGCC-1,3
CGTTAGAGTAAGGGAA-1,3
CGTTAGAGTCAAACTC-1,3
CGTTAGAGTGGCTCCA-1,3
CGTTAGATCATAGCAC-1,4
CGTTAGATCATTTGGG-1,4
CGTTAGATCCATTCTA-1,2
CGTTAGATCTCTGCTG-1,2
CGTTCTGAGAATGTTG-1,2
CGTTCTGAGACTAAGT-1,6
CGTTCTGCAAGCTGGA-1,6
CGTTCTGCACAACTGT-1,5
CGTTCTGCAGACAAGC-1,1
CGTTCTGGTTAGGGTG-1,5
CGTTCTGTCAAACAAG-1,2
CGTTCTGTCCACTCCA-1,5
CGTTCTGTCGCAAGCC-1,3
CGTTCTGTCTGCCCTA-1,2
CGTTGGGAGCCACCTG-1,1
CGTTGGGAGGCAGGTT-1,2
CGTTGGGCACAGCGTC-1,3
CGTTGGGCACGAGGTA-1,5
CGTTGGGGTCCCTACT-1,4
CGTTGGGGTGGGTATG-1,2
CGTTGGGTCCAGAGGA-1,6
CGTTGGGTCCATGCTC-1,1
CGTTGGGTCGTTTAGG-1,3
CTAACTTAGACGCACA-1,1
CTAACTTAGCCGGTAA-1,1
CTAACTTAGTACCGGA-1,1
CTAACTTCACATGTGT-1,1
CTAACTTCATACCATG-1,6
CTAACTTCATCATCCC-1,3
CTAACTTGTACATGTC-1,1
CTAACTTGTGCAGACA-1,2
CTAACTTGTGGAAAGA-1,2
CTAAGACAGACAAAGG-1,2
CTAAGACAGATCCCGC-1,1
CTAAGACAGTCGTACT-1,1
CTAAGACCAGAGCCAA-1,1
CTAAGACCAGGTCCAC-1,6
CTAAGACCATCCTAGA-1,2
CTAAGACGTAAAGGAG-1,3
CTAAGACGTATCGCAT-1,3
CTAAGACGTGGCAAAC-1,1
CTAAGACGTTCGAATC-1,2
CTAAGACTCATTGCCC-1,6
CTAATGGAGAACTGTA-1,1
CTAATGGAGAGGTTGC-1,2
CTAATGGAGCAGACTG-1,2
CTAATGGAGTTAGGTA-1,2
CTAATGGCAGCTGCTG-1,1
CTAATGGCAGTGAGTG-1,1
CTAATGGGTAGCGTGA-1,4
CTAATGGGTCTGCGGT-1,1
CTAATGGGTGGTCTCG-1,1
CTAATGGGTGTTGGGA-1,5
CTAATGGGTTGGTGGA-1,3
CTAATGGTCGGATGGA-1,5
CTAATGGTCGTCCGTT-1,3
CTACACCCAACGATGG-1,6
CTACACCCACACATGT-1,1
CTACACCGTCTTCTCG-1,1
CTACACCGTGGTACAG-1,1
CTACACCGTTGATTCG-1,6
CTACATTAGCTAGCCC-1,2
CTACATTAGTGTCCAT-1,5
CTACATTCAATTCCTT-1,1
CTACATTGTACAGCAG-1,1
CTACATTGTACTCAAC-1,1
CTACATTGTATGAAAC-1,4
CTACATTGTCGCGAAA-1,1
CTACATTGTGTAAGTA-1,4
CTACATTGTTATTCTC-1,5
CTACATTTCAAAGTAG-1,1
CTACATTTCAGGATCT-1,2
CTACATTTCCTTGACC-1,1
CTACATTTCGAACTGT-1,5
CTACCCAAGACAGAGA-1,1
CTACCCAAGCTAGTTC-1,3
CTACCCAAGTGTGGCA-1,5
CTACCCACACGAAGCA-1,1
CTACCCACAGGATTGG-1,4
CTACCCAGTCCAGTAT-1,2
CTACCCATCTGCGGCA-1,1
CTACGTCAGCAATCTC-1,5
CTACGTCAGTGGTCCC-1,4
CTACGTCCACAAGCCC-1,3
CTACGTCCATCAGTCA-1,2
CTACGTCCATGAGCGA-1,5
CTACGTCGTAAGGATT-1,2
CTACGTCGTAATAGCA-1,2
CTACGTCGTAATTGGA-1,3
CTACGTCGTGGTACAG-1,2
CTACGTCTCGTAGGTT-1,4
CTAGAGTAGAGCAATT-1,5
CTAGAGTCAGCTCGAC-1,2
CTAGAGTGTGACCAAG-1,6
CTAGCCTAGGGTTTCT-1,6
CTAGCCTAGTAGATGT-1,1
CTAGCCTCAAACCCAT-1,1
CTAGCCTCAGCCTTGG-1,4
CTAGCCTCAGCGATCC-1,2
CTAGCCTCATTGGGCC-1,2
CTAGCCTGTAATTGGA-1,2
CTAGCCTGTAGCTCCG-1,6
CTAGCCTGTCAAGCGA-1,4
CTAGCCTGTCACTTCC-1,2
CTAGCCTGTCCGTTAA-1,2
CTAGCCTGTCGGCTCA-1,1
CTAGCCTGTGGTAACG-1,2
CTAGCCTGTTCGTGAT-1,5
CTAGCCTTCTCTTATG-1,6
CTAGCCTTCTTAGAGC-1,1
CTAGTGAAGAGTTGGC-1,3
CTAGTGAAGATGCCAG-1,1
CTAGTGAAGCCGGTAA-1,4
CTAGTGAAGTGTACTC-1,3
CTAGTGACATCCTTGC-1,1
CTAGTGAGTAGCACGA-1,4
CTAGTGAGTATTCTCT-1,2
CTAGTGAGTCAACTGT-1,4
CTAGTGATCCTTTCGG-1,2
CTCACACAGACACTAA-1,3
CTCACACAGAGTTGGC-1,2
CTCACACAGCCCAGCT-1,2
CTCACACCAGGAACGT-1,5
CTCACACCATGGGACA-1,5
CTCACACGTATGGTTC-1,1
CTCACACTCTACTTAC-1,1
CTCAGAAAGACTTTCG-1,6
CTCAGAAAGGAATTAC-1,2
CTCAGAAAGGTGCACA-1,1
CTCAGAAAGGTGCTAG-1,2
CTCAGAACACATCCAA-1,4
CTCAGAAGTTCGCGAC-1,5
CTCAGAATCCACGTGG-1,4
CTCAGAATCGGCGGTT-1,2
CTCAGAATCTAAGCCA-1,2
CTCATTAAGACAGAGA-1,1
CTCATTAAGCGATTCT-1,2
CTCATTAAGGAGTTTA-1,3
CTCATTACACAGCGTC-1,1
CTCATTACAGTAAGCG-1,6
CTCATTACAGTTCATG-1,4
CTCATTAGTCGACTAT-1,3
CTCATTAGTGTGCGTC-1,1
CTCCTAGAGATACACA-1,1
CTCCTAGAGGCTAGGT-1,2
CTCCTAGCACAACGCC-1,1
CTCCTAGCAGGATTGG-1,4
CTCCTAGGTAAGTAGT-1,4
CTCCTAGGTTGGTAAA-1,1
CTCCTAGTCACATGCA-1,6
CTCCTAGTCTATCCTA-1,5
CTCCTAGTCTGGCGTG-1,3
CTCGAAAAGCGTAGTG-1,1
CTCGAAACACGTCAGC-1,1
CTCGAAACAGCTGCAC-1,3
CTCGAAAGTATATGAG-1,1
CTCGAAAGTGTGCCTG-1,1
CTCGAAAGTTACCGAT-1,1
CTCGAAATCTAACTGG-1,2
CTCGAGGAGCCAGTTT-1,4
CTCGAGGAGCCCAGCT-1,2
CTCGAGGAGTACGTTC-1,6
CTCGAGGAGTGTCCCG-1,1
CTCGAGGCAAACAACA-1,2
CTCGAGGCAAGTACCT-1,6
CTCGAGGCACACCGAC-1,3
CTCGAGGCACACGCTG-1,1
CTCGAGGCATCTATGG-1,4
CTCGAGGGTGGTGTAG-1,4
CTCGAGGGTTCCACAA-1,6
CTCGAGGTCATGTAGC-1,5
CTCGAGGTCGCTAGCG-1,1
CTCGGAGAGGCGACAT-1,1
CTCGGAGAGTACGCGA-1,1
CTCGGAGCACTTAAGC-1,2
CTCGGAGCACTTACGA-1,2
CTCGGAGGTCACCTAA-1,1
CTCGGAGGTCCAACTA-1,1
CTCGGAGGTGTAATGA-1,3
CTCGGAGTCAATCTCT-1,3
CTCGGAGTCCGAAGAG-1,3
CTCGGAGTCCTTGACC-1,1
CTCGGAGTCGGCTACG-1,4
CTCGGAGTCGTGGGAA-1,2
CTCGGAGTCTCGTATT-1,2
CTCGGGAAGGGCATGT-1,6
CTCGGGAAGTACGTAA-1,2
CTCGGGACAAACCCAT-1,1
CTCGGGACAATCAGAA-1,4
CTCGGGAGTTCTGTTT-1,5
CTCGGGATCACCATAG-1,5
CTCGGGATCCTCGCAT-1,1
CTCGGGATCTCAAACG-1,6
CTCGTACAGAAGCCCA-1,2
CTCGTACAGAGCTGGT-1,6
CTCGTACAGAGTAATC-1,2
CTCGTACAGATGCCTT-1,1
CTCGTACAGCGTTGCC-1,1
CTCGTACAGGGATGGG-1,3
CTCGTACAGTTACCCA-1,4
CTCGTACCAACGCACC-1,6
CTCGTACCAACTGCTA-1,1
CTCGTACCAATTCCTT-1,3
CTCGTACGTCTAGTGT-1,1
CTCGTACGTCTCCACT-1,2
CTCGTACGTTCAGTAC-1,1
CTCGTACTCGCTTAGA-1,1
CTCGTCAAGTGGCACA-1,2
CTCGTCAAGTTTGCGT-1,4
CTCGTCACACTGTCGG-1,5
CTCGTCACAGGGTATG-1,2
CTCGTCACATAAAGGT-1,3
CTCGTCACATCTACGA-1,5
CTCGTCAGTACCGAGA-1,2
CTCGTCAGTGAAATCA-1,5
CTCGTCAGTGTATGGG-1,3
CTCGTCAGTTGAACTC-1,1
CTCGTCAGTTGGTAAA-1,4
CTCGTCATCAGGATCT-1,2
CTCGTCATCTCAAACG-1,2
CTCTAATAGATACACA-1,4
CTCTAATAGCATGGCA-1,1
CTCTAATCACTCAGGC-1,2
CTCTAATTCGGATGTT-1,2
CTCTACGAGAAGCCCA-1,6
CTCTACGAGCCTTGAT-1,3
CTCTACGAGTACATGA-1,4
CTCTACGAGTCCGGTC-1,4
CTCTACGCAGTTCATG-1,1
CTCTACGGTAAGGGCT-1,2
CTCTACGGTGCGGTAA-1,3
CTCTACGTCCGAAGAG-1,2
CTCTACGTCTTCCTTC-1,1
CTCTGGTAGTCCATAC-1,1
CTCTGGTAGTCTCAAC-1,2
CTCTGGTAGTTAACGA-1,4
CTCTGGTGTCATATCG-1,4
CTCTGGTGTCGAGATG-1,2
CTCTGGTTCAAGAAGT-1,3
CTCTGGTTCACCTTAT-1,3
CTCTGGTTCATATCGG-1,2
CTCTGGTTCTTTAGGG-1,5
CTGAAACAGAATAGGG-1,2
CTGAAACAGTGATCGG-1,4
CTGAAACCAAGTCTGT-1,2
CTGAAACGTGACGGTA-1,2
CTGAAACGTGCCTTGG-1,1
CTGAAACGTTCCACAA-1,3
CTGAAACTCCAGAGGA-1,4
CTGAAGTAGGATTCGG-1,1
CTGAAGTCACAGACTT-1,1
CTGAAGTGTGGCCCTA-1,5
CTGAAGTTCCCTCTTT-1,5
CTGATAGAGACTAGGC-1,5
CTGATAGAGAGTAAGG-1,1
CTGATAGCATCCTAGA-1,2
CTGATAGGTCATCGGC-1,6
CTGATAGGTCGTGGCT-1,1
CTGATAGGTGCACGAA-1,1
CTGATAGGTTATCACG-1,5
CTGATCCAGGTAGCTG-1,1
CTGATCCGTATAATGG-1,2
CTGATCCTCCGCAAGC-1,6
CTGATCCTCCTATTCA-1,2
CTGATCCTCGGATGTT-1,3
CTGATCCTCGTCACGG-1,3
CTGATCCTCTCATTCA-1,3
CTGATCCTCTCCAGGG-1,5
CTGATCCTCTTGTATC-1,1
CTGCCTACAAGTAATG-1,1
CTGCCTACAGCTTCGG-1,6
CTGCCTAGTCCGAACC-1,3
CTGCCTAGTGGTTTCA-1,2
CTGCCTATCATCGATG-1,4
CTGCCTATCTGGGCCA-1,2
CTGCGGAAGACAAGCC-1,2
CTGCGGAAGGATGTAT-1,1
CTGCGGACAGTCCTTC-1,4
CTGCGGAGTGACGCCT-1,2
CTGCGGATCATCTGCC-1,2
CTGCGGATCCAAGTAC-1,1
CTGCGGATCGACAGCC-1,5
CTGCTGTAGAAACCAT-1,2
CTGCTGTAGAGGACGG-1,1
CTGCTGTAGTCAAGGC-1,6
CTGCTGTCAGATCGGA-1,3
CTGCTGTCATTACCTT-1,3
CTGCTGTGTGGTAACG-1,1
CTGCTGTTCAAGAAGT-1,3
CTGCTGTTCAGCTCGG-1,1
CTGCTGTTCCAAGCCG-1,5
CTGCTGTTCTTCCTTC-1,2
CTGGTCTAGAATGTGT-1,2
CTGGTCTAGGACGAAA-1,4
CTGGTCTAGTACATGA-1,2
CTGGTCTAGTAGCCGA-1,6
CTGGTCTCATGGGAAC-1,3
CTGGTCTGTCGGATCC-1,1
CTGGTCTTCGTCCAGG-1,3
CTGGTCTTCTCCAGGG-1,1
CTGGTCTTCTTTACAC-1,1
CTGTGCTAGGGCACTA-1,6
CTGTGCTAGTGTTGAA-1,2
CTGTGCTCACCTCGGA-1,1
CTGTGCTCAGTAAGAT-1,1
CTGTGCTGTAAGTGGC-1,5
CTGTGCTGTATGAATG-1,6
CTGTGCTGTCCGAGTC-1,3
CTGTGCTGTTGAGGTG-1,1
CTGTTTAAGGCCCGTT-1,3
CTGTTTAAGGGATACC-1,1
CTGTTTAAGGTAGCCA-1,5
CTGTTTAAGTAGATGT-1,5
CTGTTTACAAGCGAGT-1,2
CTGTTTAGTAAGGGAA-1,4
CTGTTTAGTGATGTCT-1,3
CTGTTTAGTGCAGTAG-1,4
CTGTTTAGTTTCGCTC-1,2
CTGTTTATCAGCTGGC-1,1
CTTAACTAGATCACGG-1,3
CTTAACTAGCTGTCTA-1,1
CTTAACTAGGCATGTG-1,3
CTTAACTCACCATCCT-1,2
CTTAACTCAGGCTGAA-1,1
CTTAACTCATGACATC-1,2
CTTAACTGTCGCGTGT-1,1
CTTAACTTCCAAGTAC-1,1
CTTAACTTCGACAGCC-1,2
CTTAACTTCGGTGTCG-1,6
CTTACCGAGAGCCCAA-1,5
CTTACCGAGATAGTCA-1,3
CTTACCGAGTCCGTAT-1,5
CTTACCGGTTACGGAG-1,2
CTTACCGGTTCCCTTG-1,3
CTTACCGTCCCAAGAT-1,5
CTTACCGTCGGAGCAA-1,6
CTTAGGAAGCTTATCG-1,3
CTTAGGAAGTGATCGG-1,2
CTTAGGACACGACGAA-1,1
CTTAGGACACGTCAGC-1,4
CTTAGGACAGTAAGAT-1,2
CTTAGGAGTATGCTTG-1,3
CTTAGGAGTGCCTTGG-1,1
CTTAGGATCTACCAGA-1,3
CTTCTCTAGGCATTGG-1,5
CTTCTCTAGGGATACC-1,4
CTTCTCTCACATCCGG-1,5
CTTCTCTCACCTGGTG-1,2
CTTCTCTCAGGTCGTC-1,3
CTTCTCTGTAGCGCTC-1,6
CTTCTCTGTCGGATCC-1,4
CTTCTCTGTGTGCGTC-1,2
CTTCTCTTCGTACCGG-1,5
CTTCTCTTCGTGGACC-1,2
CTTGGCTAGACTACAA-1,1
CTTGGCTAGCTAGTTC-1,3
CTTGGCTAGGAGTACC-1,1
CTTGGCTCAAACCCAT-1,2
CTTGGCTCAAGGTTTC-1,3
CTTGGCTCACGGTGTC-1,1
CTTGGCTCAGTTTACG-1,4
CTTGGCTCATCAGTCA-1,4
CTTGGCTCATTCCTGC-1,1
CTTGGCTGTCTCACCT-1,5
CTTTGCGAGAAACGAG-1,3
CTTTGCGAGAAGCCCA-1,4
CTTTGCGAGCCCAGCT-1,3
CTTTGCGAGCGATGAC-1,6
CTTTGCGAGTACGCGA-1,6
CTTTGCGAGTATTGGA-1,2
CTTTGCGCATTGTGCA-1,2
CTTTGCGCATTTCACT-1,4
CTTTGCGGTCAAAGAT-1,3
CTTTGCGTCACTATTC-1,1
CTTTGCGTCCAACCAA-1,3
CTTTGCGTCCAGATCA-1,6
CTTTGCGTCGATAGAA-1,2
CTTTGCGTCGCATGGC-1,6
CTTTGCGTCGTTGCCT-1,4
CTTTGCGTCTGCCAGG-1,1
GAAACTCAGAGCTGGT-1,3
GAAACTCCAGGACCCT-1,3
GAAACTCGTACGCACC-1,2
GAAACTCGTAGATTAG-1,1
GAAACTCGTCTCCACT-1,3
GAAACTCGTGGTGTAG-1,2
GAAACTCGTGTGAAAT-1,2
GAAACTCGTTACCGAT-1,5
GAAACTCTCGCAAGCC-1,1
GAAACTCTCGTTACAG-1,5
GAAATGAAGATGTGTA-1,1
GAAATGAAGCTATGCT-1,6
GAAATGAAGGCAATTA-1,1
GAAATGACAAAGCAAT-1,1
GAAATGACACCGATAT-1,2
GAAATGACAGCTGTTA-1,1
GAAATGACATCACCCT-1,3
GAAATGAGTAAAGTCA-1,4
GAAATGAGTAGAAAGG-1,4
GAAATGAGTAGCCTCG-1,1
GAAATGAGTCCAAGTT-1,1
GAAATGAGTGTCAATC-1,6
GAAATGATCCAATGGT-1,1
GAAATGATCTTGTTTG-1,2
GAACATCCAAACAACA-1,5
GAACATCCAGGAATCG-1,1
GAACATCCATCCTAGA-1,4
GAACATCGTACTCGCG-1,3
GAACATCGTCCATGAT-1,2
GAACATCGTGATAAAC-1,4
GAACATCGTGGGTATG-1,2
GAACATCGTTAGGGTG-1,3
GAACATCTCACCTCGT-1,1
GAACATCTCGTTTGCC-1,4
GAACATCTCTTGCCGT-1,1
GAACCTAAGCCAACAG-1,2
GAACCTACACCTCGTT-1,2
GAACCTACACGAGAGT-1,3
GAACCTACATAGTAAG-1,2
GAACCTACATGCCTTC-1,6
GAACCTATCTCCGGTT-1,4
GAACCTATCTGTACGA-1,1
GAACGGAAGACGCAAC-1,3
GAACGGAAGTTGTCGT-1,3
GAACGGACAATCTACG-1,5
GAACGGACACTACAGT-1,2
GAACGGACACTGAAGG-1,2
GAACGGACAGCCTTGG-1,3
GAACGGACAGCTGGCT-1,2
GAACGGAGTTGTGGCC-1,1
GAACGGATCCGCATCT-1,4
GAACGGATCCGGGTGT-1,2
GAAGCAGAGCACCGTC-1,1
GAAGCAGAGCGAAGGG-1,2
GAAGCAGAGTCGATAA-1,2
GAAGCAGCAAAGGAAG-1,6
GAAGCAGCACGAAGCA-1,1
GAAGCAGGTACAGCAG-1,1
GAAGCAGGTGTGACCC-1,1
GAAGCAGGTGTTGAGG-1,4
GAAGCAGTCAAGCCTA-1,2
GAATAAGGTCCTGCTT-1,2
GAATAAGGTTACGGAG-1,1
GAATAAGTCGCAGGCT-1,2
GAATGAAAGCCAGAAC-1,4
GAATGAAGTCGCATCG-1,5
GAATGAAGTGCGAAAC-1,2
GAATGAATCGCCATAA-1,2
GACACGCAGAACTCGG-1,2
GACACGCAGAGAGCTC-1,3
GACACGCAGCGACGTA-1,1
GACACGCAGTCAAGGC-1,5
GACACGCAGTTAGCGG-1,2
GACACGCGTATCTGCA-1,2
GACACGCTCAGTTGAC-1,4
GACACGCTCGCCTGAG-1,2
GACACGCTCGTTTAGG-1,5
GACACGCTCTTCAACT-1,5
GACAGAGAGACTAGGC-1,5
GACAGAGAGATCTGCT-1,1
GACAGAGAGGTGATAT-1,4
GACAGAGAGTACGCCC-1,4
GACAGAGCACGAAATA-1,1
GACAGAGGTCATACTG-1,1
GACAGAGGTCTAGGTT-1,1
GACAGAGGTTGTTTGG-1,4
GACAGAGTCTCGATGA-1,3
GACAGAGTCTCGTATT-1,2
GACCAATAGAGGTTAT-1,2
GACCAATAGCGGATCA-1,4
GACCAATAGGAATTAC-1,1
GACCAATCAATGGTCT-1,6
GACCAATCATACGCCG-1,3
GACCAATCATTCCTCG-1,6
GACCAATGTCTAGGTT-1,2
GACCTGGCACAACTGT-1,5
GACCTGGCACACCGCA-1,2
GACCTGGCACCTATCC-1,2
GACCTGGCAGCTGTGC-1,3
GACCTGGCAGTGAGTG-1,2
GACCTGGGTCGACTAT-1,2
GACCTGGGTTGGTGGA-1,6
GACCTGGTCGCCAAAT-1,2
GACCTGGTCTAACCGA-1,1
GACCTGGTCTTGAGAC-1,2
GACGCGTCAAAGCGGT-1,2
GACGCGTCACATCCGG-1,2
GACGCGTCATTTGCTT-1,6
GACGCGTGTCACTGGC-1,1
GACGCGTGTCGAAAGC-1,6
GACGCGTTCAGTCCCT-1,1
GACGCGTTCATCGATG-1,3
GACGCGTTCGGCCGAT-1,2
GACGGCTAGAGCCCAA-1,1
GACGGCTAGCTGGAAC-1,2
GACGGCTAGTATTGGA-1,1
GACGGCTCATGCAATC-1,4
GACGGCTCATTTGCCC-1,3
GACGGCTGTCCAAGTT-1,2
GACGGCTGTGCGCTTG-1,2
GACGGCTGTGCTTCTC-1,5
GACGGCTGTGTGACGA-1,1
GACGGCTTCAGGCCCA-1,4
GACGGCTTCCAGGGCT-1,5
GACGGCTTCCTTGGTC-1,1
GACGGCTTCTTATCTG-1,4
GACGTGCAGCTAGTTC-1,2
GACGTGCAGGGTTCCC-1,5
GACGTGCAGGTAGCCA-1,1
GACGTGCAGTGACATA-1,2
GACGTGCGTCATGCCG-1,1
GACGTGCGTCTAAAGA-1,4
GACGTGCGTTCAGACT-1,5
GACGTGCGTTCGCTAA-1,6
GACGTGCTCAAAGTAG-1,2
GACGTGCTCACCAGGC-1,1
GACGTGCTCCAGAAGG-1,1
GACGTGCTCGTCGTTC-1,3
GACGTTAAGAACTGTA-1,2
GACGTTACAGGTGCCT-1,5
GACGTTACATGACATC-1,1
GACGTTACATGATCCA-1,3
GACGTTATCACGATGT-1,1
GACGTTATCGAGAGCA-1,2
GACTAACAGAATTCCC-1,5
GACTAACAGAGTACCG-1,1
GACTAACAGCTTCGCG-1,1
GACTAACAGGCTAGAC-1,1
GACTAACCACATGTGT-1,1
GACTAACCAGTCAGAG-1,1
GACTAACCATAAGACA-1,1
GACTAACGTACTTAGC-1,6
GACTAACGTATAGGTA-1,5
GACTAACGTCAGATAA-1,1
GACTAACGTCTTCGTC-1,2
GACTAACTCAACGCTA-1,4
GACTAACTCAAGATCC-1,2
GACTAACTCACATAGC-1,1
GACTAACTCAGGATCT-1,3
GACTACACAAGCTGAG-1,2
GACTACACACCCTATC-1,3
GACTACACACTGTGTA-1,1
GACTACACACTTAACG-1,6
GACTACACAGATGGCA-1,1
GACTACACAGTGGAGT-1,3
GACTACACAGTTCCCT-1,6
GACTACACATATGGTC-1,6
GACTACACATTCACTT-1,4
GACTACAGTAGGAGTC-1,1
GACTACAGTCCGAATT-1,1
GACTACAGTTCAGTAC-1,2
GACTACAGTTGATTGC-1,1
GACTGCGAGAAGCCCA-1,5
GACTGCGAGCCCAGCT-1,4
GACTGCGAGTAGGCCA-1,3
GACTGCGCACGTGAGA-1,2
GACTGCGCATGCCACG-1,1
GACTGCGGTCTGATTG-1,4
GACTGCGGTGGAAAGA-1,4
GACTGCGTCCTTGCCA-1,2
GACTGCGTCTGCTGCT-1,1
GACTGCGTCTTTACAC-1,1
GAGCAGAAGCCTATGT-1,3
GAGCAGAAGCCTTGAT-1,3
GAGCAGAAGCTAGTCT-1,4
GAGCAGAAGGGCTTCC-1,1
GAGCAGAGTAAATGTG-1,1
GAGCAGAGTGGGTCAA-1,3
GAGCAGATCAACTCTT-1,4
GAGCAGATCAGCAACT-1,1
GAGCAGATCCAGAAGG-1,4
GAGCAGATCGGCGGTT-1,1
GAGGTGACACATGGGA-1,5
GAGGTGACATTGCGGC-1,4
GAGGTGAGTAGATTAG-1,5
GAGGTGAGTCAGAGGT-1,4
GAGGTGATCAGATAAG-1,3
GAGGTGATCCAAAGTC-1,3
GAGGTGATCCGAAGAG-1,5
GAGGTGATCTCGAGTA-1,2
GAGGTGATCTGCAAGT-1,2
GAGTCCGAGCCTTGAT-1,3
GAGTCCGAGCGATATA-1,3
GAGTCCGAGGGAAACA-1,1
GAGTCCGAGTATTGGA-1,1
GAGTCCGCACCTCGGA-1,4
GAGTCCGCATTAGCCA-1,1
GAGTCCGGTGCAGGTA-1,1
GAGTCCGTCACGCATA-1,5
GAGTCCGTCCCGGATG-1,1
GAGTCCGTCGAGAGCA-1,3
GAGTCCGTCTCGTATT-1,2
GATCAGTAGAAGATTC-1,3
GATCAGTAGACCACGA-1,3
GATCAGTAGGCAATTA-1,2
GATCAGTAGTGCGTGA-1,1
GATCAGTCAGGATTGG-1,2
GATCAGTTCACTTATC-1,5
GATCAGTTCAGGTTCA-1,4
GATCAGTTCTTAGAGC-1,6
GATCAGTTCTTCTGGC-1,2
GATCGATAGATATGCA-1,2
GATCGATCACCAGCAC-1,4
GATCGATGTGAGGGTT-1,2
GATCGATTCTACGAGT-1,5
GATCGATTCTATGTGG-1,2
GATCGCGAGACTGTAA-1,2
GATCGCGAGATTACCC-1,1
GATCGCGAGCTAACTC-1,1
GATCGCGCAGACGCAA-1,2
GATCGCGCATTAGGCT-1,2
GATCGCGCATTCACTT-1,3
GATCGCGGTATCTGCA-1,3
GATCGCGGTCAGTGGA-1,2
GATCGCGGTCTTTCAT-1,1
GATCGCGTCTGTACGA-1,2
GATCGTAAGGTGTTAA-1,4
GATCGTACAGATCTGT-1,4
GATCTAGAGGCCGAAT-1,2
GATCTAGCAAGAAGAG-1,3
GATCTAGCAAGTAATG-1,1
GATCTAGCACAGACTT-1,2
GATCTAGCATCTCGCT-1,2
GATCTAGGTATCTGCA-1,2
GATCTAGGTGTTAAGA-1,1
GATCTAGGTTAAGACA-1,3
GATCTAGTCATTTGGG-1,2
GATCTAGTCGATAGAA-1,4
GATCTAGTCTCGATGA-1,4
GATCTAGTCTTAACCT-1,1
GATGAAAAGCAAATCA-1,4
GATGAAACACGAAATA-1,1
GATGAAACACTGTCGG-1,6
GATGAAATCGTTTGCC-1,1
GATGAAATCTCGCATC-1,5
GATGAGGAGCTGCGAA-1,2
GATGAGGCAGGCTGAA-1,2
GATGAGGGTGCTAGCC-1,3
GATGAGGGTTGGAGGT-1,3
GATGCTAAGGTGCAAC-1,1
GATGCTACAATCGAAA-1,3
GATGCTATCCTTTCTC-1,4
GATTCAGAGGCGATAC-1,5
GATTCAGAGTCAATAG-1,3
GATTCAGCATCTACGA-1,2
GATTCAGCATGACGGA-1,3
GATTCAGGTCGCTTCT-1,3
GATTCAGGTTGTTTGG-1,1
GATTCAGTCAAGGTAA-1,2
GATTCAGTCGAGAGCA-1,6
GCAAACTAGCCTCGTG-1,6
GCAAACTCACCATCCT-1,5
GCAAACTCAGAGTGTG-1,3
GCAAACTCAGCATGAG-1,2
GCAAACTCATGACGGA-1,1
GCAAACTGTCTCTTTA-1,1
GCAAACTGTGAGTATA-1,2
GCAAACTGTGCAGTAG-1,3
GCAAACTGTGTGAAAT-1,2
GCAAACTGTTACGACT-1,5
GCAAACTTCCACTGGG-1,4
GCAATCAAGAGACTAT-1,1
GCAATCACAATGGTCT-1,2
GCAATCAGTCGAGATG-1,6
GCAATCATCGTAGGTT-1,6
GCACATAAGATGCGAC-1,1
GCACATAAGGACAGAA-1,6
GCACATAAGGATGCGT-1,4
GCACATAAGGCATGGT-1,5
GCACATACACGGCTAC-1,1
GCACATACAGATCCAT-1,4
GCACATACATGAGCGA-1,2
GCACATAGTAGCCTAT-1,4
GCACATAGTCCAGTTA-1,3
GCACATATCAAAGACA-1,5
GCACATATCATGGTCA-1,5
GCACATATCCCGGATG-1,2
GCACATATCGTGGGAA-1,6
GCACTCTAGCAGACTG-1,4
GCACTCTAGCCTTGAT-1,6
GCACTCTAGTGGGTTG-1,2
GCACTCTCAATCGAAA-1,2
GCACTCTCACATCCAA-1,2
GCACTCTGTAAGGGAA-1,3
GCACTCTGTACCGTTA-1,1
GCACTCTGTACTTCTT-1,2
GCACTCTGTAGGGTAC-1,2
GCACTCTGTATGGTTC-1,3
GCACTCTGTCAGAGGT-1,1
GCACTCTTCATTTGGG-1,2
GCAGCCAAGCCAGTAG-1,1
GCAGCCAAGCTGAAAT-1,3
GCAGCCAAGGATGCGT-1,4
GCAGCCAGTGATGATA-1,5
GCAGCCAGTTGTACAC-1,1
GCAGCCATCCGTTGTC-1,3
GCAGCCATCGTACCGG-1,3
GCAGTTAAGAGAGCTC-1,6
GCAGTTAAGTGTCTCA-1,1
GCAGTTACATCACAAC-1,4
GCAGTTAGTCATACTG-1,2
GCAGTTAGTCTACCTC-1,1
GCAGTTATCCTAAGTG-1,4
GCATACAAGAACAATC-1,2
GCATACAAGCTAGTGG-1,3
GCATACACAACTGCTA-1,2
GCATACACATCTATGG-1,6
GCATACAGTTATCGGT-1,1
GCATACATCAGTGTTG-1,3
GCATGATAGAAACCAT-1,4
GCATGATAGACCTAGG-1,2
GCATGATAGCTGCGAA-1,2
GCATGATAGGATGTAT-1,1
GCATGATCACTCTGTC-1,4
GCATGATGTCATGCAT-1,2
GCATGATTCCAGGGCT-1,2
GCATGATTCCCTAATT-1,1
GCATGCGAGAACTGTA-1,2
GCATGCGAGCTGAACG-1,4
GCATGCGCAAGTTAAG-1,5
GCATGCGCACCCTATC-1,2
GCATGCGCATAACCTG-1,1
GCATGCGGTTACTGAC-1,1
GCATGCGTCAATACCG-1,2
GCATGCGTCAGCGATT-1,6
GCATGCGTCGATGAGG-1,2
GCATGTAAGGAGTACC-1,5
GCATGTAAGGCTCAGA-1,2
GCATGTAAGGGCACTA-1,1
GCATGTAAGGGCTCTC-1,2
GCATGTACACCAGCAC-1,2
GCATGTACACCTATCC-1,5
GCATGTAGTCCGAACC-1,5
GCATGTATCCAGTATG-1,1
GCATGTATCCGTAGTA-1,2
GCATGTATCTGCAAGT-1,1
GCATGTATCTGGGCCA-1,5
GCATGTATCTTGAGAC-1,1
GCCAAATAGAATAGGG-1,3
GCCAAATAGGCAGGTT-1,6
GCCAAATCAACACGCC-1,1
GCCAAATCAATTGCTG-1,2
GCCAAATCACCGAATT-1,5
GCCAAATCAGCGTCCA-1,3
GCCAAATGTGAGGCTA-1,1
GCCAAATTCCACGTGG-1,3
GCCAAATTCTAACTTC-1,3
GCCTCTAAGCCATCGC-1,2
GCCTCTAAGTTCCACA-1,2
GCCTCTAAGTTCGCAT-1,4
GCCTCTACAAACGTGG-1,3
GCCTCTACAATGTTGC-1,1
GCCTCTACATGTCTCC-1,5
GCCTCTAGTACTCGCG-1,2
GCCTCTAGTCTAGGTT-1,5
GCCTCTATCAGAGGTG-1,1
GCCTCTATCGCGTTTC-1,1
GCCTCTATCTCGCTTG-1,2
GCGACCAAGAACTCGG-1,2
GCGACCAAGAGGTTAT-1,1
GCGACCAAGATAGTCA-1,1
GCGACCAAGGTGTTAA-1,4
GCGACCAAGTTTCCTT-1,4
GCGACCACAAGCCGCT-1,5
GCGACCACACGGACAA-1,1
GCGACCATCAGTGTTG-1,2
GCGACCATCTCCGGTT-1,3
GCGAGAACAGGTTTCA-1,6
GCGAGAACATCGGTTA-1,1
GCGAGAAGTACTTGAC-1,2
GCGAGAAGTATCAGTC-1,1
GCGAGAAGTCTAGTGT-1,4
GCGAGAATCAACGCTA-1,6
GCGAGAATCTGAGTGT-1,1
GCGCAACAGACCTTTG-1,3
GCGCAACAGGAGTTTA-1,4
GCGCAACAGTGTACGG-1,2
GCGCAACCAAGCCATT-1,3
GCGCAACGTGTGAAAT-1,5
GCGCAACTCTGTGCAA-1,6
GCGCAGTAGACTGTAA-1,3
GCGCAGTAGATCCCGC-1,6
GCGCAGTAGTATCTCG-1,5
GCGCAGTCAATTCCTT-1,1
GCGCAGTCACGGCTAC-1,2
GCGCAGTCAGACGTAG-1,1
GCGCAGTGTATGCTTG-1,1
GCGCAGTGTCGTGGCT-1,3
GCGCAGTGTCTTCGTC-1,1
GCGCAGTTCTAACGGT-1,5
GCGCAGTTCTATGTGG-1,3
GCGCAGTTCTCCCTGA-1,5
GCGCCAAAGGATCGCA-1,1
GCGCCAAAGGTACTCT-1,3
GCGCCAAGTACAGACG-1,2
GCGCCAATCGCATGAT-1,2
GCGCGATAGAATGTGT-1,3
GCGCGATAGGCGTACA-1,3
GCGCGATCAAGACACG-1,5
GCGCGATCACACGCTG-1,6
GCGCGATCACCTCGGA-1,3
GCGCGATGTACGCTGC-1,3
GCGCGATTCAACGGCC-1,1
GCGCGATTCAGTGCAT-1,4
GCGCGATTCAGTGTTG-1,6
GCGCGATTCTAACTCT-1,5
GCGCGATTCTCAACTT-1,4
GCGGGTTCACGCTTTC-1,1
GCGGGTTGTCGCGTGT-1,6
GCGGGTTGTTCGCGAC-1,2
GCGGGTTGTTGAGGTG-1,3
GCGGGTTTCAGTTAGC-1,3
GCGGGTTTCCAATGGT-1,5
GCGGGTTTCGCATGAT-1,1
GCTCCTAAGACAATAC-1,2
GCTCCTAAGATAGTCA-1,4
GCTCCTAAGTCACGCC-1,4
GCTCCTACAGCCACCA-1,6
GCTCCTAGTCGCTTTC-1,6
GCTCCTAGTGTCAATC-1,2
GCTCCTATCTGTCTAT-1,1
GCTCTGTAGACCGGAT-1,1
GCTCTGTAGCAATCTC-1,6
GCTCTGTAGTTATCGC-1,1
GCTCTGTAGTTCGCAT-1,2
GCTCTGTCAACGATCT-1,4
GCTCTGTCACTCAGGC-1,1
GCTCTGTCATACTACG-1,4
GCTCTGTGTATGAATG-1,5
GCTCTGTGTCAATACC-1,4
GCTCTGTGTCATATCG-1,6
GCTCTGTGTGCCTGCA-1,2
GCTCTGTTCAGAGCTT-1,1
GCTCTGTTCGAGGTAG-1,6
GCTCTGTTCGTTACGA-1,4
GCTCTGTTCTCACATT-1,6
GCTGCAGAGGCACATG-1,3
GCTGCAGCAGTCGTGC-1,1
GCTGCAGCATAACCTG-1,5
GCTGCAGGTCGTGGCT-1,1
GCTGCAGTCACGCATA-1,1
GCTGCAGTCACTATTC-1,4
GCTGCGAAGATGCCAG-1,2
GCTGCGAAGCACAGGT-1,2
GCTGCGAAGCAGGTCA-1,1
GCTGCGAAGCGACGTA-1,1
GCTGCGAAGCTCCTCT-1,2
GCTGCTTAGGCATGTG-1,1
GCTGCTTAGTTGTCGT-1,2
GCTGCTTCATGGTTGT-1,4
GCTGCTTGTACAGTGG-1,3
GCTGCTTGTCCAGTGC-1,1
GCTGCTTGTCTACCTC-1,1
GCTGCTTTCGTCTGCT-1,4
GCTGCTTTCTAACTGG-1,5
GCTGGGTCATGAGCGA-1,2
GCTGGGTGTGAGTGAC-1,4
GCTGGGTTCTGCAAGT-1,3
GCTTCCAAGCCCTAAT-1,4
GCTTCCAAGTCGAGTG-1,6
GCTTCCAAGTGGAGAA-1,2
GCTTCCACAGTGGGAT-1,2
GCTTCCAGTCCAAGTT-1,2
GCTTCCAGTCGAAAGC-1,1
GCTTCCAGTGTGGTTT-1,1
GCTTCCAGTTGGTTTG-1,4
GCTTCCATCCTATTCA-1,5
GCTTCCATCGTCTGAA-1,1
GCTTGAAAGAAGAAGC-1,2
GCTTGAAAGTTAGCGG-1,1
GCTTGAACAAGCTGAG-1,2
GCTTGAACATACTACG-1,3
GCTTGAAGTCGAATCT-1,6
GCTTGAAGTGTCCTCT-1,4
GCTTGAAGTTACGACT-1,2
GCTTGAATCGCATGAT-1,2
GGAAAGCAGAGGACGG-1,1
GGAAAGCAGCAACGGT-1,3
GGAAAGCAGGGCATGT-1,4
GGAAAGCCAACTGGCC-1,2
GGAAAGCCACTATCTT-1,4
GGAAAGCCAGCCAATT-1,2
GGAAAGCGTAGCGTGA-1,1
GGAAAGCGTCTAAAGA-1,4
GGAAAGCGTGACTACT-1,2
GGAAAGCGTGACTCAT-1,2
GGAAAGCGTTGGAGGT-1,1
GGAAAGCTCGCAAACT-1,1
GGAAAGCTCGTATCAG-1,3
GGAACTTAGCTATGCT-1,6
GGAACTTAGTGCCAGA-1,3
GGAACTTCAATAGCGG-1,4
GGAACTTCATGCCTTC-1,6
GGAACTTGTCCAGTGC-1,4
GGAACTTTCACCACCT-1,2
GGAACTTTCTACTTAC-1,3
GGAATAAAGCTAAGAT-1,5
GGAATAAAGTGGAGTC-1,3
GGAATAACAGATGAGC-1,5
GGAATAACAGCTTAAC-1,1
GGAATAACATGGATGG-1,4
GGAATAAGTACAGTGG-1,3
GGAATAATCTGTTTGT-1,6
GGACAAGAGGTAGCTG-1,3
GGACAAGAGTCTTGCA-1,2
GGACAAGCATTGTGCA-1,1
GGACAAGGTATCAGTC-1,3
GGACAAGGTCTGGAGA-1,6
GGACAAGGTTCGGCAC-1,5
GGACAAGGTTGTGGAG-1,1
GGACAAGGTTTGACTG-1,1
GGACAAGTCTGCCCTA-1,2
GGACAAGTCTGGTGTA-1,4
GGACAGAAGACGACGT-1,1
GGACAGACAATCTACG-1,3
GGACAGACACGAGGTA-1,1
GGACAGACAGATCCAT-1,6
GGACAGACAGCCTATA-1,5
GGACAGACAGTAGAGC-1,6
GGACAGAGTAGAAAGG-1,5
GGACAGAGTAGGGACT-1,5
GGACAGAGTTCAGCGC-1,6
GGACAGATCACTTCAT-1,6
GGACAGATCGTCTGAA-1,2
GGACATTAGTTAACGA-1,2
GGACATTCAGCAGTTT-1,3
GGACATTCAGTGGGAT-1,1
GGACATTTCACCATAG-1,3
GGACATTTCCGCAAGC-1,1
GGACATTTCCTCAATT-1,1
GGACATTTCTATGTGG-1,3
GGACATTTCTCGTATT-1,1
GGACGTCAGAGTGAGA-1,2
GGACGTCAGTATCTCG-1,3
GGACGTCCAGATGAGC-1,1
GGACGTCCATCGATTG-1,5
GGACGTCCATGCAACT-1,2
GGACGTCGTGGCCCTA-1,2
GGACGTCTCTACTATC-1,4
GGAGCAAAGGGCTTCC-1,2
GGAGCAACAATGGTCT-1,5
GGAGCAACAGATAATG-1,1
GGAGCAACATATGCTG-1,2
GGAGCAAGTGTAACGG-1,5
GGAGCAATCGAGCCCA-1,4
GGAGCAATCGTCACGG-1,1
GGAGCAATCTTACCGC-1,2
GGATGTTAGAAGGCCT-1,4
GGATGTTAGCTATGCT-1,1
GGATGTTCACCGCTAG-1,3
GGATGTTCATGGTTGT-1,3
GGATGTTGTAAATACG-1,1
GGATGTTGTACCCAAT-1,6
GGATGTTGTCTCTTTA-1,1
GGATGTTGTCTTCGTC-1,1
GGATGTTGTTAAAGTG-1,5
GGATGTTTCAGCGATT-1,1
GGATGTTTCTACGAGT-1,3
GGATTACAGCAGACTG-1,1
GGATTACAGTCTCAAC-1,6
GGATTACCACGCCAGT-1,2
GGATTACCATTGCGGC-1,2
GGATTACGTATAGTAG-1,6
GGATTACGTTCAGCGC-1,1
GGATTACTCACATAGC-1,3
GGCAATTAGTTGAGTA-1,3
GGCAATTCAAGTTCTG-1,1
GGCAATTCATCATCCC-1,2
GGCAATTGTGTAACGG-1,1
GGCAATTGTGTGACCC-1,4
GGCAATTGTTTGACAC-1,3
GGCAATTTCAGCTTAG-1,3
GGCCGATAGATATACG-1,3
GGCCGATAGTCTCAAC-1,5
GGCCGATAGTGAAGTT-1,3
GGCCGATCAGATGGCA-1,2
GGCCGATGTGACCAAG-1,3
GGCCGATGTGCGAAAC-1,5
GGCCGATTCGCGCCAA-1,5
GGCGACTAGAAGAAGC-1,1
GGCGACTAGAATTCCC-1,1
GGCGACTAGGGCATGT-1,1
GGCGACTCAGTAAGAT-1,2
GGCGACTGTAACGCGA-1,5
GGCGACTGTAGCGCTC-1,2
GGCGACTTCATGCTCC-1,1
GGCGACTTCGCGCCAA-1,1
GGCGACTTCGCGGATC-1,1
GGCGACTTCTGGGCCA-1,4
GGCGTGTAGTTATCGC-1,2
GGCGTGTGTAACGACG-1,1
GGCGTGTGTCGGATCC-1,4
GGCGTGTTCACCAGGC-1,3
GGCGTGTTCAGCGATT-1,3
GGCGTGTTCCAACCAA-1,6
GGCGTGTTCGCCTGAG-1,1
GGCTCGAAGACAGAGA-1,5
GGCTCGAAGAGTGACC-1,3
GGCTCGAAGGATTCGG-1,1
GGCTCGACACACCGCA-1,1
GGCTCGACACCAACCG-1,1
GGCTCGACAGTACACT-1,1
GGCTCGACAGTCCTTC-1,6
GGCTCGACATCTCGCT-1,5
GGCTCGACATGGGAAC-1,2
GGCTCGAGTAGGACAC-1,5
GGCTCGAGTCATACTG-1,3
GGCTCGAGTCGGATCC-1,5
GGCTCGATCGTGGTCG-1,3
GGCTGGTAGAGAACAG-1,6
GGCTGGTAGCTAGCCC-1,1
GGCTGGTAGGAGTAGA-1,1
GGCTGGTAGGATGCGT-1,5
GGCTGGTCAGATAATG-1,2
GGCTGGTCATCCGGGT-1,3
GGCTGGTGTGGTGTAG-1,2
GGCTGGTGTGTGTGCC-1,2
GGCTGGTGTTATTCTC-1,1
GGGAATGAGGCCCGTT-1,5
GGGAATGCATCACAAC-1,1
GGGAATGCATTATCTC-1,5
GGGAATGTCTCTAGGA-1,2
GGGACCTCAAACTGTC-1,4
GGGACCTCATTGGCGC-1,3
GGGACCTGTTGACGTT-1,5
GGGACCTTCACAATGC-1,4
GGGACCTTCTCGAGTA-1,6
GGGACCTTCTTGACGA-1,5
GGGAGATAGGCCCTCA-1,3
GGGAGATCAAGACACG-1,6
GGGAGATCAAGTAATG-1,1
GGGAGATCATAGAAAC-1,2
GGGAGATCATTAGGCT-1,3
GGGAGATGTCGAACAG-1,6
GGGAGATTCCACGTGG-1,1
GGGATGAAGCCGGTAA-1,2
GGGATGAAGTCATCCA-1,2
GGGATGAAGTCGATAA-1,1
GGGATGACAGATCCAT-1,2
GGGATGACAGGACGTA-1,1
GGGATGACAGTATCTG-1,4
GGGATGAGTACTCGCG-1,1
GGGATGAGTAGGACAC-1,1
GGGATGATCACATACG-1,3
GGGATGATCAGATAAG-1,5
GGGATGATCCAAATGC-1,1
GGGATGATCTTTACAC-1,6
GGGCACTAGATGGCGT-1,2
GGGCACTAGGTGATTA-1,2
GGGCACTAGTGAATTG-1,2
GGGCACTCATAGACTC-1,1
GGGCACTCATCGGACC-1,5
GGGCACTTCCCAAGTA-1,2
GGGCACTTCGACCAGC-1,1
GGGCACTTCTGTTTGT-1,1
GGGCATCCAATAGCGG-1,1
GGGCATCCACCCAGTG-1,2
GGGCATCCAGGAACGT-1,3
GGGCATCCAGTTCCCT-1,1
GGGCATCGTCAAGCGA-1,2
GGGCATCTCACTTCAT-1,3
GGGCATCTCCACGTGG-1,3
GGGTCTGAGTAGGTGC-1,5
GGGTCTGGTCTGGTCG-1,2
GGGTCTGGTGATGCCC-1,6
GGGTCTGTCACTTACT-1,2
GGGTCTGTCATCACCC-1,4
GGGTCTGTCGTTACGA-1,4
GGGTCTGTCTCAACTT-1,1
GGGTTGCAGTAGCCGA-1,3
GGGTTGCAGTCCGGTC-1,1
GGGTTGCGTAAGTGGC-1,1
GGGTTGCGTCGAGTTT-1,3
GGGTTGCGTGTTCGAT-1,6
GGGTTGCGTTCGGGCT-1,4
GGGTTGCTCAAACAAG-1,2
GGGTTGCTCCGCATAA-1,4
GGGTTGCTCGGAAATA-1,2
GGGTTGCTCTGCTTGC-1,6
GGGTTGCTCTGTTGAG-1,2
GGTATTGAGAGCTGCA-1,1
GGTATTGCACAGCCCA-1,5
GGTATTGCAGCCTTGG-1,3
GGTATTGGTGAAAGAG-1,1
GGTATTGGTTACGGAG-1,2
GGTATTGGTTAGAACA-1,2
GGTATTGTCAAGGCTT-1,1
GGTATTGTCAGGCCCA-1,3
GGTGAAGAGAAGGCCT-1,2
GGTGAAGAGATGCGAC-1,3
GGTGAAGGTAAACCTC-1,5
GGTGAAGGTCAAAGAT-1,5
GGTGAAGTCGTTTGCC-1,5
GGTGCGTAGCCGATTT-1,3
GGTGCGTAGCGCTTAT-1,4
GGTGCGTAGGCTATCT-1,6
GGTGCGTAGTCTCCTC-1,1
GGTGCGTAGTTCGCGC-1,1
GGTGCGTCAAAGGCGT-1,3
GGTGCGTCAGGATCGA-1,2
GGTGCGTGTACCTACA-1,1
GGTGCGTTCATCGCTC-1,4
GGTGCGTTCGCTGATA-1,1
GGTGTTAAGAGGGATA-1,1
GGTGTTAAGCGGATCA-1,6
GGTGTTAAGCTAGTCT-1,6
GGTGTTACACATGACT-1,2
GGTGTTACAGGTCGTC-1,2
GGTGTTACATCTCCCA-1,3
GGTGTTAGTCCATGAT-1,2
GGTGTTAGTCTCCACT-1,2
GGTGTTATCAGGTAAA-1,6
GGTGTTATCATGTCTT-1,3
GGTGTTATCGGCGCAT-1,6
GGTGTTATCTCCAGGG-1,6
GTAACGTAGAAGATTC-1,4
GTAACGTAGCGTCAAG-1,3
GTAACGTAGGAGCGTT-1,6
GTAACGTGTTAAGAAC-1,1
GTAACGTTCACCTTAT-1,4
GTAACGTTCATCATTC-1,1
GTAACGTTCGCCTGAG-1,2
GTAACTGAGCGTCAAG-1,5
GTAACTGAGGAGCGTT-1,4
GTAACTGAGGCATTGG-1,1
GTAACTGAGGCGACAT-1,2
GTAACTGCAGACAGGT-1,2
GTAACTGCAGCTGTAT-1,4
GTAACTGGTACTCTCC-1,3
GTAACTGGTCGAGATG-1,1
GTAACTGGTCGGCTCA-1,4
GTAACTGGTTAGAACA-1,5
GTAACTGTCAGAGCTT-1,3
GTAACTGTCCCAGGTG-1,2
GTAACTGTCCTCAATT-1,2
GTAACTGTCGAATGGG-1,1
GTACGTAGTCATCCCT-1,3
GTACGTAGTGAACCTT-1,1
GTACGTAGTTGCGCAC-1,2
GTACGTATCGCAAACT-1,2
GTACTCCAGAGGTAGA-1,1
GTACTCCAGGATTCGG-1,5
GTACTCCAGGTAAACT-1,3
GTACTCCTCACTCTTA-1,6
GTACTCCTCCCATTAT-1,4
GTACTCCTCGTCCAGG-1,2
GTACTTTAGCATCATC-1,4
GTACTTTAGGTTACCT-1,2
GTACTTTCAAGCGAGT-1,3
GTACTTTCATAACCTG-1,4
GTACTTTCATTATCTC-1,4
GTACTTTTCTCACATT-1,1
GTACTTTTCTTGGGTA-1,1
GTAGGCCAGACTAGAT-1,1
GTAGGCCAGCGATATA-1,3
GTAGGCCCAATAGCAA-1,1
GTAGGCCCACCGAATT-1,3
GTAGGCCCAGCGTTCG-1,6
GTAGGCCCATCGTCGG-1,2
GTAGGCCGTCGTGGCT-1,2
GTAGGCCGTGCCTGCA-1,3
GTAGGCCGTTCGTGAT-1,2
GTAGGCCGTTTACTCT-1,2
GTAGGCCTCCTTTCTC-1,2
GTAGGCCTCGACAGCC-1,5
GTAGGCCTCTACCTGC-1,3
GTAGTCAAGATAGGAG-1,1
GTAGTCACAGGCGATA-1,3
GTAGTCAGTAAGTGGC-1,3
GTAGTCAGTACATGTC-1,2
GTAGTCAGTCTGATTG-1,2
GTAGTCAGTGCCTTGG-1,4
GTAGTCAGTGCGGTAA-1,5
GTAGTCATCTGCGTAA-1,2
GTATCTTCAAGCCGCT-1,1
GTATCTTCAGCATACT-1,6
GTATCTTCATCCCATC-1,3
GTATCTTGTCAAAGAT-1,1
GTATCTTTCTATCGCC-1,1
GTATTCTAGGCCCTTG-1,4
GTATTCTGTACAGTGG-1,1
GTATTCTGTGTTAAGA-1,1
GTATTCTGTTCCACGG-1,6
GTATTCTTCCTGCTTG-1,3
GTATTCTTCGTGACAT-1,3
GTATTCTTCTACCAGA-1,1
GTATTCTTCTACCTGC-1,5
GTATTCTTCTTTAGGG-1,4
GTCAAGTAGCATGGCA-1,1
GTCAAGTGTCCATGAT-1,5
GTCAAGTTCCTGTAGA-1,6
GTCACAACACGGTTTA-1,2
GTCACAAGTCATTAGC-1,5
GTCACAAGTGCTAGCC-1,4
GTCACAAGTTCCAACA-1,1
GTCACAATCCGCGCAA-1,2
GTCACGGAGATACACA-1,1
GTCACGGAGCTAACTC-1,3
GTCACGGCAGGAATGC-1,3
GTCACGGCATACAGCT-1,1
GTCACGGGTACTTGAC-1,1
GTCACGGTCTTTACGT-1,3
GTCACGGTCTTTAGGG-1,6
GTCATTTAGTCATGCT-1,4
GTCATTTCAACTGCGC-1,4
GTCATTTCATTTGCCC-1,6
GTCATTTGTACGCACC-1,2
GTCATTTGTATAGTAG-1,1
GTCATTTGTGGTCCGT-1,5
GTCATTTGTTCCACTC-1,5
GTCATTTTCGGCTACG-1,4
GTCATTTTCTCGGACG-1,3
GTCCTCAAGAATAGGG-1,2
GTCCTCAAGTGCCAGA-1,2
GTCCTCAAGTGGAGTC-1,4
GTCCTCACAGTACACT-1,3
GTCCTCAGTCGAATCT-1,4
GTCCTCAGTCTTGATG-1,2
GTCCTCATCAGCGATT-1,4
GTCGGGTAGCTTTGGT-1,3
GTCGGGTCATCAGTCA-1,1
GTCGGGTCATGGGAAC-1,6
GTCGTAACACACCGCA-1,2
GTCGTAAGTAATTGGA-1,2
GTCGTAAGTCAACTGT-1,1
GTCGTAAGTCCGAGTC-1,1
GTCGTAAGTGCAGTAG-1,2
GTCGTAATCGGACAAG-1,2
GTCGTAATCGGCCGAT-1,1
GTCTCGTAGAAGATTC-1,2
GTCTCGTAGCCACCTG-1,1
GTCTCGTAGCGATAGC-1,5
GTCTCGTCAGAGCCAA-1,2
GTCTCGTCAGCAGTTT-1,1
GTCTCGTCAGTTAACC-1,3
GTCTCGTGTCGTTGTA-1,6
GTCTCGTTCATCTGCC-1,2
GTCTCGTTCGAGAACG-1,2
GTCTTCGAGACTAAGT-1,1
GTCTTCGAGCGTGAAC-1,2
GTCTTCGCAACACGCC-1,2
GTCTTCGGTATTCGTG-1,1
GTCTTCGGTTCGGGCT-1,1
GTCTTCGTCACATGCA-1,1
GTCTTCGTCGCGATCG-1,4
GTCTTCGTCGTACGGC-1,6
GTGAAGGCACGTCTCT-1,4
GTGAAGGCAGATCTGT-1,2
GTGAAGGGTTGAGGTG-1,2
GTGAAGGTCAGCATGT-1,1
GTGCAGCAGTAGCGGT-1,3
GTGCAGCGTCCGAACC-1,5
GTGCAGCGTCTGGAGA-1,1
GTGCAGCGTGATGTCT-1,4
GTGCATAAGAGGTAGA-1,3
GTGCATAAGGCTCAGA-1,6
GTGCATAAGTGACTCT-1,5
GTGCATAAGTGTACTC-1,1
GTGCATACACGTGAGA-1,1
GTGCATACATTCCTCG-1,1
GTGCATAGTAGCGTGA-1,3
GTGCATAGTCACAAGG-1,3
GTGCATAGTCTGCCAG-1,1
GTGCATAGTGATAAAC-1,1
GTGCATATCAGTCCCT-1,2
GTGCATATCGGCTTGG-1,1
GTGCATATCGGTCCGA-1,5
GTGCATATCTACCTGC-1,6
GTGCGGTAGTGTACGG-1,4
GTGCGGTGTCAACATC-1,1
GTGCGGTGTCGACTGC-1,3
GTGCGGTGTGCACGAA-1,3
GTGCGGTTCGTTGCCT-1,4
GTGCGGTTCTGTCCGT-1,1
GTGCTTCAGCACCGCT-1,1
GTGCTTCAGCCGCCTA-1,1
GTGCTTCAGTGTTAGA-1,3
GTGCTTCCAATACGCT-1,3
GTGCTTCCACGGTAAG-1,6
GTGCTTCCAGCTGGCT-1,2
GTGCTTCCAGGTCTCG-1,6
GTGCTTCCAGTGACAG-1,1
GTGCTTCGTCTCAACA-1,1
GTGCTTCGTGCACGAA-1,1
GTGCTTCGTGCAGTAG-1,3
GTGCTTCGTTACCAGT-1,6
GTGCTTCTCCCTAACC-1,6
GTGCTTCTCGAACTGT-1,4
GTGCTTCTCGTCCGTT-1,2
GTGGGTCTCAATAAGG-1,6
GTGGGTCTCATGTCCC-1,4
GTGGGTCTCCCTAACC-1,6
GTGTGCGAGACTAAGT-1,6
GTGTGCGAGGAACTGC-1,4
GTGTGCGCACTAGTAC-1,1
GTGTGCGCATGCCTAA-1,2
GTGTGCGGTACTTGAC-1,1
GTGTGCGGTCTAAACC-1,1
GTGTGCGGTTCGGCAC-1,6
GTGTGCGGTTCGTCTC-1,1
GTGTGCGTCGCAGGCT-1,3
GTGTGCGTCTTAGCCC-1,1
GTGTTAGAGCGACGTA-1,6
GTGTTAGAGGACGAAA-1,5
GTGTTAGAGGATTCGG-1,2
GTGTTAGAGTCAAGGC-1,3
GTGTTAGAGTGAACAT-1,5
GTGTTAGCAATACGCT-1,1
GTGTTAGCACCGCTAG-1,1
GTGTTAGCATCACAAC-1,6
GTGTTAGCATGTCTCC-1,1
GTGTTAGGTTGAACTC-1,6
GTGTTAGGTTTGTGTG-1,3
GTGTTAGTCGCATGAT-1,3
GTGTTAGTCGTCCAGG-1,2
GTGTTAGTCTGCTGCT-1,3
GTTAAGCAGACCTAGG-1,4
GTTAAGCAGCTAACTC-1,2
GTTAAGCGTCTGCGGT-1,3
GTTAAGCGTTTACTCT-1,1
GTTAAGCTCATGTCCC-1,1
GTTAAGCTCCCAGGTG-1,1
GTTAAGCTCTCTGTCG-1,5
GTTACAGAGCGAGAAA-1,1
GTTACAGAGGGTGTTG-1,2
GTTACAGCACACAGAG-1,1
GTTACAGCACCACCAG-1,4
GTTACAGCATGATCCA-1,3
GTTACAGGTCATTAGC-1,5
GTTACAGTCACTCCTG-1,3
GTTACAGTCCCTCAGT-1,2
GTTACAGTCCGTCATC-1,5
GTTACAGTCGCATGGC-1,1
GTTCATTCAAGGACAC-1,3
GTTCATTCAAGGCTCC-1,6
GTTCATTCATAGTAAG-1,3
GTTCATTCATGTTGAC-1,5
GTTCATTTCCTGTACC-1,3
GTTCGGGAGAATAGGG-1,3
GTTCGGGAGCCGATTT-1,2
GTTCGGGAGCCGCCTA-1,2
GTTCGGGCACAGTCGC-1,6
GTTCGGGGTAATCACC-1,2
GTTCGGGGTGAGGCTA-1,2
GTTCGGGGTTAAGACA-1,1
GTTCGGGTCGTTGCCT-1,2
GTTCGGGTCTCCAGGG-1,2
GTTCTCGAGTTGAGAT-1,3
GTTCTCGCACATCTTT-1,6
GTTCTCGGTGACGCCT-1,1
GTTCTCGTCAAGGCTT-1,3
GTTCTCGTCGGCATCG-1,3
GTTTCTAAGCCAGTTT-1,6
GTTTCTACATATGAGA-1,2
GTTTCTATCATTTGGG-1,3
TAAACCGAGACTAGGC-1,5
TAAACCGAGCGACGTA-1,5
TAAACCGAGGTACTCT-1,1
TAAACCGAGTGAACAT-1,4
TAAACCGCAATGGAGC-1,1
TAAACCGCACCATCCT-1,6
TAAACCGCAGCATGAG-1,5
TAAACCGGTAGGGACT-1,2
TAAACCGGTCTCACCT-1,2
TAAACCGGTGTTTGGT-1,1
TAAACCGGTTGACGTT-1,3
TAAACCGTCGCATGGC-1,1
TAAACCGTCGGCGGTT-1,2
TAAACCGTCGTTGACA-1,4
TAAACCGTCTATCCTA-1,1
TAAACCGTCTCCAGGG-1,2
TAAGAGAAGCGTAATA-1,2
TAAGAGAAGCTAGTGG-1,6
TAAGAGAAGGTGCACA-1,1
TAAGAGACAAACGTGG-1,6
TAAGAGACAACACCTA-1,5
TAAGAGACACAAGCCC-1,5
TAAGAGACATCGGGTC-1,1
TAAGAGAGTATTACCG-1,6
TAAGAGAGTTATCCGA-1,6
TAAGAGATCGCCAAAT-1,4
TAAGAGATCGTTACAG-1,4
TAAGCGTAGGCTAGAC-1,1
TAAGCGTCAAACCCAT-1,5
TAAGCGTCATCACCCT-1,4
TAAGCGTGTGTTCGAT-1,5
TAAGCGTGTTCACCTC-1,5
TAAGCGTTCGCGATCG-1,4
TAAGCGTTCGTCACGG-1,3
TAAGCGTTCTACTCAT-1,1
TAAGCGTTCTGCAAGT-1,2
TAAGCGTTCTTGCAAG-1,3
TAAGTGCAGACTGTAA-1,1
TAAGTGCAGGGTTTCT-1,2
TAAGTGCCACGAAAGC-1,6
TAAGTGCCACGCGAAA-1,3
TAAGTGCCAGCATGAG-1,1
TAAGTGCGTGACGGTA-1,1
TAAGTGCGTTACCGAT-1,5
TAAGTGCGTTATCACG-1,1
TAAGTGCGTTATCGGT-1,1
TAAGTGCTCGTACGGC-1,1
TACACGAAGTCATCCA-1,1
TACACGACAAACCCAT-1,1
TACACGACAGGGATTG-1,5
TACACGATCAGGCGAA-1,3
TACACGATCCGCATAA-1,2
TACACGATCTGGTGTA-1,2
TACAGTGCACGGCTAC-1,5
TACAGTGCAGTGAGTG-1,1
TACAGTGCATGCCTAA-1,2
TACAGTGCATTCTCAT-1,1
TACAGTGGTAAACCTC-1,2
TACAGTGTCACAAACC-1,1
TACAGTGTCAGTGCAT-1,2
TACAGTGTCGACAGCC-1,1
TACAGTGTCTGAGTGT-1,1
TACCTATAGACAAAGG-1,2
TACCTATCAAGACACG-1,1
TACCTATCACAGGAGT-1,2
TACCTATCACGAAGCA-1,3
TACCTATCAGTTCATG-1,3
TACCTATTCAATAAGG-1,5
TACCTATTCTTCTGGC-1,2
TACCTTACAAACCCAT-1,6
TACCTTACACGGTAAG-1,4
TACCTTAGTACTCGCG-1,6
TACCTTATCGGAGGTA-1,1
TACCTTATCGTTTAGG-1,2
TACGGATAGAGCTATA-1,3
TACGGATAGCCAGTTT-1,2
TACGGATAGCTAACAA-1,2
TACGGATAGCTAGCCC-1,3
TACGGATAGCTTATCG-1,3
TACGGATAGTCCATAC-1,2
TACGGATGTAGGCATG-1,1
TACGGATGTGGTCTCG-1,1
TACGGATGTTCTGGTA-1,6
TACGGATTCAACGGGA-1,4
TACGGATTCTGGAGCC-1,4
TACGGGCAGACTTGAA-1,3
TACGGGCAGCCTATGT-1,6
TACGGGCAGGTTCCTA-1,1
TACGGGCAGTGGACGT-1,3
TACGGGCAGTTGTCGT-1,2
TACGGGCCACTTGGAT-1,5
TACGGGCCATGGATGG-1,4
TACGGGCGTCATCGGC-1,4
TACGGGCTCAGCTTAG-1,1
TACGGGCTCATAAAGG-1,1
TACGGGCTCATCGATG-1,6
TACGGTAAGACCGGAT-1,2
TACGGTAAGAGGTTAT-1,4
TACGGTACAAGGTTTC-1,2
TACGGTACACCAGGCT-1,2
TACGGTACACTACAGT-1,5
TACGGTAGTCTAGGTT-1,2
TACGGTATCAGTTGAC-1,4
TACTCATAGGCAGGTT-1,3
TACTCATAGGTCGGAT-1,5
TACTCATAGTGGGATC-1,1
TACTCATCAAAGCAAT-1,2
TACTCATCAATCAGAA-1,4
TACTCATCACAGCCCA-1,3
TACTCATGTAAGTGGC-1,6
TACTCATGTGTCGCTG-1,4
TACTCATGTTCCACAA-1,3
TACTCATTCACCATAG-1,5
TACTCATTCACCCGAG-1,6
TACTCATTCAGGATCT-1,6
TACTCATTCGTGGTCG-1,4
TACTCGCAGATGCGAC-1,3
TACTCGCAGCAGATCG-1,6
TACTCGCCAAGACGTG-1,3
TACTCGCCAGCCTATA-1,5
TACTCGCCATCTACGA-1,4
TACTCGCGTACAGTGG-1,1
TACTCGCGTCTCCACT-1,6
TACTCGCGTTAGGGTG-1,3
TACTCGCTCGAGCCCA-1,2
TACTTACAGAACAACT-1,5
TACTTACAGGATGTAT-1,1
TACTTACCACCACGTG-1,1
TACTTACGTAAGTAGT-1,2
TACTTACGTGTCTGAT-1,2
TACTTACGTTAGAACA-1,1
TACTTACTCCCTTGCA-1,6
TACTTGTAGAAGGCCT-1,2
TACTTGTCAACTGCTA-1,5
TACTTGTCAAGGGTCA-1,6
TACTTGTCAGACGCCT-1,4
TACTTGTCATGCAACT-1,1
TACTTGTGTCTCAACA-1,4
TACTTGTGTCTTGATG-1,5
TACTTGTTCACTCCTG-1,1
TACTTGTTCAGGCAAG-1,2
TACTTGTTCGGCTTGG-1,4
TACTTGTTCTGCAGTA-1,5
TAGACCAAGTACTTGC-1,2
TAGACCACACCGTTGG-1,6
TAGACCACAGCGAACA-1,4
TAGACCAGTCAGAATA-1,3
TAGACCAGTCATACTG-1,3
TAGACCATCACCTCGT-1,1
TAGACCATCCGTTGCT-1,1
TAGACCATCGCGGATC-1,6
TAGACCATCGGCGGTT-1,1
TAGACCATCTAAGCCA-1,2
TAGAGCTAGCATCATC-1,2
TAGAGCTAGTGGGCTA-1,1
TAGAGCTAGTTCGATC-1,6
TAGAGCTCAAAGTCAA-1,4
TAGAGCTCAAAGTGCG-1,4
TAGAGCTCAATGGTCT-1,1
TAGAGCTGTATCGCAT-1,4
TAGAGCTGTGTGAATA-1,2
TAGAGCTTCACCGTAA-1,3
TAGAGCTTCCTGCAGG-1,6
TAGCCGGAGAGTGAGA-1,1
TAGCCGGAGCGATCCC-1,1
TAGCCGGCAAACTGTC-1,3
TAGCCGGCACCCATTC-1,6
TAGCCGGGTCAACATC-1,4
TAGCCGGGTCCAGTAT-1,1
TAGCCGGTCACAACGT-1,6
TAGGCATAGGGATGGG-1,1
TAGGCATCAGCCAATT-1,1
TAGGCATGTCGGCATC-1,1
TAGGCATGTGCCTGCA-1,1
TAGGCATGTTCACCTC-1,4
TAGGCATTCCGCAAGC-1,1
TAGGCATTCCGTCATC-1,3
TAGGCATTCGTAGGTT-1,6
TAGGCATTCTCAACTT-1,4
TAGTGGTAGCAAATCA-1,1
TAGTGGTCAGATGGCA-1,2
TAGTGGTGTACCCAAT-1,2
TAGTGGTGTTATTCTC-1,6
TAGTGGTTCAGCAACT-1,1
TAGTGGTTCGAATGCT-1,3
TAGTTGGAGAGGACGG-1,2
TAGTTGGCAATCACAC-1,3
TAGTTGGCATATACCG-1,4
TAGTTGGGTACATCCA-1,5
TAGTTGGTCAAGGTAA-1,5
TAGTTGGTCCCGGATG-1,1
TATCAGGAGTAACCCT-1,3
TATCAGGAGTGGGATC-1,3
TATCAGGCACGTGAGA-1,4
TATCAGGCAGATAATG-1,4
TATCAGGCATCCTTGC-1,3
TATCAGGGTCGGATCC-1,6
TATCAGGTCCACGACG-1,3
TATCAGGTCGATCCCT-1,3
TATCAGGTCGCGTTTC-1,2
TATCTCAAGAATCTCC-1,6
TATCTCAAGCTGCAAG-1,6
TATCTCAAGTGTTTGC-1,3
TATCTCAAGTTAGCGG-1,2
TATCTCACAGCCAATT-1,3
TATCTCACATCCCATC-1,4
TATCTCAGTACGACCC-1,2
TATCTCAGTCGACTGC-1,1
TATCTCAGTTCCACGG-1,2
TATCTCAGTTCTGTTT-1,3
TATCTCATCGTGGTCG-1,2
TATGCCCCACAACGTT-1,4
TATGCCCCACAGAGGT-1,6
TATGCCCCACCTCGGA-1,1
TATGCCCCATGATCCA-1,2
TATGCCCCATTGCGGC-1,6
TATGCCCGTACAGCAG-1,3
TATGCCCGTTCCATGA-1,5
TATGCCCTCAGTTAGC-1,6
TATGCCCTCGATCCCT-1,2
TATTACCAGGCTAGCA-1,5
TATTACCAGGGAACGG-1,2
TATTACCCAGATAATG-1,2
TATTACCCAGCCACCA-1,6
TATTACCGTAGCGATG-1,3
TATTACCGTGCAGGTA-1,6
TATTACCTCACATACG-1,1
TATTACCTCAGCAACT-1,2
TATTACCTCTAACTGG-1,2
TCAACGAAGGACAGCT-1,1
TCAACGAAGGTGCTAG-1,4
TCAACGACAATCTACG-1,2
TCAACGACAATGGTCT-1,2
TCAACGACACGAGGTA-1,1
TCAACGACACGGCGTT-1,1
TCAACGACAGGTCGTC-1,2
TCAACGAGTGTGGTTT-1,5
TCAACGAGTTATTCTC-1,6
TCAATCTCACGTCAGC-1,4
TCAATCTGTAGATTAG-1,2
TCAATCTTCAACACGT-1,3
TCAATCTTCAATAAGG-1,2
TCAATCTTCATTATCC-1,5
TCAATCTTCCAACCAA-1,2
TCAATCTTCTTGTACT-1,6
TCACAAGCAAGCCATT-1,1
TCACAAGCAGTGAGTG-1,2
TCACAAGCATAGAAAC-1,2
TCACAAGGTAAGTGTA-1,5
TCACAAGGTCGAAAGC-1,3
TCACAAGGTTCCACGG-1,6
TCACAAGTCCGTTGTC-1,1
TCACGAAAGCTCCTTC-1,2
TCACGAAAGGGCTTCC-1,3
TCACGAAAGTGGTAAT-1,4
TCACGAACAATAACGA-1,3
TCACGAACATCGGTTA-1,1
TCACGAAGTATAGTAG-1,1
TCACGAAGTCGCCATG-1,1
TCAGATGAGTCCATAC-1,1
TCAGATGGTCCGAAGA-1,2
TCAGATGTCCGGGTGT-1,4
TCAGCAAAGCCCAGCT-1,4
TCAGCAAAGTAACCCT-1,3
TCAGCAACAGATAATG-1,2
TCAGCAACATGTCCTC-1,4
TCAGCAAGTAAAGTCA-1,3
TCAGCAAGTAGCGCTC-1,4
TCAGCAATCACGAAGG-1,1
TCAGCAATCAGCTCTC-1,3
TCAGCAATCAGGATCT-1,4
TCAGCAATCAGTTGAC-1,1
TCAGCAATCCATTCTA-1,5
TCAGCAATCCCTTGCA-1,4
TCAGCTCAGAGACGAA-1,1
TCAGCTCAGCATGGCA-1,1
TCAGCTCCACCGATAT-1,1
TCAGCTCCAGCAGTTT-1,1
TCAGCTCCAGTTCCCT-1,4
TCAGCTCGTTGACGTT-1,1
TCAGGATAGAAGGTTT-1,1
TCAGGATAGACTAGGC-1,1
TCAGGATAGAGGTTGC-1,5
TCAGGATAGAGTAATC-1,5
TCAGGATAGATGAGAG-1,2
TCAGGATAGCTTCGCG-1,5
TCAGGATAGGCGTACA-1,6
TCAGGATAGGCTCTTA-1,2
TCAGGATCACATGACT-1,2
TCAGGATCACCTATCC-1,2
TCAGGATCACTAGTAC-1,2
TCAGGATTCCAACCAA-1,6
TCAGGTAAGAAGGGTA-1,3
TCAGGTAAGATGTGTA-1,1
TCAGGTAAGCGTCAAG-1,2
TCAGGTAAGTCCGGTC-1,2
TCAGGTAGTAAGGGAA-1,6
TCAGGTAGTCTAAAGA-1,6
TCAGGTAGTTCCACGG-1,2
TCAGGTAGTTCGTTGA-1,1
TCAGGTATCAACACTG-1,3
TCATTACAGAAGAAGC-1,3
TCATTACCAATCGGTT-1,3
TCATTACCACCAGGCT-1,6
TCATTACCAGACAAGC-1,4
TCATTACCAGCATGAG-1,1
TCATTACGTCTCCATC-1,4
TCATTACGTGACAAAT-1,4
TCATTACGTGTGAATA-1,3
TCATTACGTTCAGGCC-1,1
TCATTACTCTCTAAGG-1,1
TCATTTGCATGAACCT-1,1
TCATTTGGTCATACTG-1,6
TCATTTGGTGAAGGCT-1,1
TCATTTGTCACGGTTA-1,2
TCATTTGTCGTACGGC-1,4
TCATTTGTCTCTGTCG-1,1
TCCACACAGGCCCTCA-1,1
TCCACACAGGTCGGAT-1,1
TCCACACCAACACCCG-1,6
TCCACACTCAGCACAT-1,4
TCCACACTCAGTCAGT-1,2
TCCACACTCCGTAGTA-1,2
TCCCGATAGTATCTCG-1,2
TCCCGATAGTCCAGGA-1,2
TCCCGATCAAAGGAAG-1,3
TCGAGGCAGATCTGCT-1,2
TCGAGGCAGCTCCTCT-1,5
TCGAGGCAGTACTTGC-1,5
TCGAGGCCAATGGATA-1,1
TCGAGGCCACATCCGG-1,2
TCGAGGCCACGCCAGT-1,1
TCGAGGCCACTAAGTC-1,1
TCGAGGCGTGTTCGAT-1,1
TCGAGGCGTTCAGGCC-1,1
TCGAGGCTCAAGATCC-1,4
TCGAGGCTCCAAAGTC-1,5
TCGAGGCTCGAGGTAG-1,1
TCGCGAGAGCGATGAC-1,1
TCGCGAGAGTAGGTGC-1,3
TCGCGAGAGTCATGCT-1,4
TCGCGAGCAAGAAGAG-1,2
TCGCGAGCAATGGTCT-1,3
TCGCGAGGTCGCCATG-1,3
TCGCGAGTCCTAGGGC-1,1
TCGCGAGTCTTGTATC-1,6
TCGCGTTAGAGCCTAG-1,1
TCGCGTTAGGCAGGTT-1,4
TCGCGTTCAGCTCGCA-1,2
TCGCGTTGTAAGGGAA-1,1
TCGCGTTGTATATGGA-1,2
TCGCGTTGTGTCTGAT-1,2
TCGGGACAGAATCTCC-1,1
TCGGGACAGAGGGCTT-1,4
TCGGGACAGAGTTGGC-1,4
TCGGGACAGCAGCGTA-1,4
TCGGGACCACACCGCA-1,1
TCGGGACCACGGATAG-1,1
TCGGGACCATTATCTC-1,5
TCGGGACGTGCGATAG-1,1
TCGGGACGTTCACGGC-1,3
TCGGGACTCACCGTAA-1,5
TCGGGACTCGAACTGT-1,6
TCGGGACTCGGGAGTA-1,5
TCGGTAAAGGATATAC-1,2
TCGGTAAAGGGTATCG-1,5
TCGGTAAAGTACGTAA-1,2
TCGGTAAAGTCTCGGC-1,5
TCGGTAAGTGCACGAA-1,5
TCGGTAATCCATGCTC-1,6
TCGTACCAGAGGTACC-1,2
TCGTACCAGGATGCGT-1,1
TCGTACCCAAGACACG-1,3
TCGTACCCATTCTCAT-1,4
TCGTACCGTAATTGGA-1,6
TCGTACCGTCAACTGT-1,1
TCGTACCTCAACACTG-1,2
TCGTACCTCAACGGCC-1,1
TCGTACCTCGCTTGTC-1,3
TCGTACCTCGGCTTGG-1,4
TCGTACCTCTCAAGTG-1,5
TCGTACCTCTCTGCTG-1,1
TCGTAGAAGAGATGAG-1,5
TCGTAGAAGCCTCGTG-1,1
TCGTAGAAGGACCACA-1,4
TCGTAGAAGTACGCGA-1,6
TCGTAGAAGTCAATAG-1,1
TCGTAGACATTGCGGC-1,3
TCGTAGAGTAACGTTC-1,1
TCGTAGAGTTGGTGGA-1,1
TCGTAGATCCAGTATG-1,4
TCGTAGATCCGTACAA-1,3
TCTATTGAGTAGGCCA-1,1
TCTATTGCACGTAAGG-1,6
TCTATTGCACTAAGTC-1,6
TCTATTGCACTTCGAA-1,3
TCTATTGCATGTCGAT-1,3
TCTATTGGTCCAGTGC-1,2
TCTATTGTCCGAATGT-1,3
TCTCATAAGAAGGCCT-1,1
TCTCATAAGCTGCCCA-1,2
TCTCATAAGTAAGTAC-1,1
TCTCATACAAATTGCC-1,3
TCTCATACAGCCACCA-1,2
TCTCATAGTATGGTTC-1,1
TCTCATAGTCGAAAGC-1,1
TCTCATAGTTCGCGAC-1,2
TCTCATAGTTGAGTTC-1,4
TCTCATATCCCTGACT-1,5
TCTCATATCCTCAACC-1,2
TCTCATATCGGCGGTT-1,1
TCTCATATCTTGGGTA-1,3
TCTCTAAAGGACACCA-1,2
TCTCTAACACAGACTT-1,6
TCTCTAAGTAAAGTCA-1,1
TCTCTAAGTACGCTGC-1,2
TCTCTAAGTCCGCTGA-1,1
TCTCTAAGTCGCATAT-1,4
TCTCTAAGTTATGTGC-1,1
TCTCTAATCAACACGT-1,4
TCTCTAATCGTCCAGG-1,1
TCTGAGAAGAATAGGG-1,5
TCTGAGAAGACAAGCC-1,1
TCTGAGACAAGCGAGT-1,3
TCTGAGAGTAGAAAGG-1,5
TCTGAGAGTCAGAGGT-1,3
TCTGAGAGTTCCCTTG-1,5
TCTGAGATCCTTTCTC-1,2
TCTGGAAAGTGCAAGC-1,2
TCTGGAACACCTGGTG-1,5
TCTGGAACATGCCCGA-1,1
TCTGGAAGTAAGTGGC-1,6
TCTGGAAGTCATATCG-1,2
TCTGGAAGTCCTCTTG-1,4
TCTGGAAGTCTCCACT-1,5
TCTGGAATCAAACCGT-1,1
TCTGGAATCTCTTGAT-1,6
TCTGGAATCTTCGGTC-1,5
TCTTCGGAGCCCAATT-1,3
TCTTCGGCACAACTGT-1,1
TCTTCGGCACACATGT-1,1
TCTTCGGCACTTCTGC-1,1
TCTTCGGCAGCTGCAC-1,5
TCTTCGGCATGTTGAC-1,5
TCTTCGGGTTACGCGC-1,1
TCTTTCCCAATAGAGT-1,6
TCTTTCCCAGCTTAAC-1,2
TCTTTCCCAGGCGATA-1,1
TCTTTCCGTGTGTGCC-1,2
TCTTTCCGTGTTTGGT-1,1
TCTTTCCTCAACACTG-1,2
TCTTTCCTCCTACAGA-1,4
TCTTTCCTCCTAGGGC-1,2
TCTTTCCTCCTCGCAT-1,2
TCTTTCCTCTTACCGC-1,2
TGAAAGAAGCGTGTCC-1,2
TGAAAGACAATCGGTT-1,1
TGAAAGACACCAGTTA-1,1
TGAAAGACAGGAACGT-1,4
TGAAAGAGTAAGTGTA-1,3
TGAAAGAGTTGATTCG-1,1
TGAAAGAGTTTAGCTG-1,6
TGAAAGATCAACACCA-1,6
TGACAACAGAAGATTC-1,4
TGACAACAGAGTCTGG-1,1
TGACAACAGCGATAGC-1,4
TGACAACAGGTCATCT-1,3
TGACAACAGTGAACGC-1,4
TGACAACCACGAGGTA-1,2
TGACAACGTTTGACTG-1,1
TGACAACTCTAACGGT-1,3
TGACAACTCTGAAAGA-1,3
TGACAACTCTTGTATC-1,2
TGACGGCAGAGGTAGA-1,1
TGACGGCAGGAGCGTT-1,1
TGACGGCAGGGCTTCC-1,2
TGACGGCCAATACGCT-1,3
TGACGGCCACATGGGA-1,2
TGACGGCCAGCTATTG-1,5
TGACGGCGTAGGACAC-1,5
TGACGGCTCTCTAGGA-1,2
TGACTAGCAGGCTCAC-1,4
TGACTAGCAGGGTACA-1,3
TGACTAGGTATATCCG-1,4
TGACTAGGTCAATACC-1,5
TGACTAGGTGGCAAAC-1,5
TGACTAGTCAGCTCGG-1,2
TGACTAGTCTCGCTTG-1,2
TGACTAGTCTTTACGT-1,1
TGACTTTAGCCAGAAC-1,4
TGACTTTAGGCTAGGT-1,3
TGACTTTAGTGACATA-1,2
TGACTTTCACTGTCGG-1,1
TGACTTTCAGTCACTA-1,5
TGACTTTGTCGCCATG-1,3
TGACTTTGTTATCACG-1,3
TGACTTTGTTCACGGC-1,2
TGACTTTTCTAAGCCA-1,6
TGACTTTTCTATCGCC-1,2
TGACTTTTCTTGCCGT-1,2
TGAGAGGAGCGTTGCC-1,6
TGAGAGGCACGCATCG-1,1
TGAGAGGCAGTTCCCT-1,6
TGAGAGGCATGTAGTC-1,3
TGAGAGGGTAGCGCAA-1,1
TGAGAGGGTGTAACGG-1,1
TGAGAGGGTTCGGGCT-1,4
TGAGCATAGCCGCCTA-1,4
TGAGCATAGCTAGTGG-1,1
TGAGCATAGGATGGTC-1,1
TGAGCATAGGCCCGTT-1,3
TGAGCATAGGCTCATT-1,2
TGAGCATAGTCACGCC-1,2
TGAGCATAGTCTCGGC-1,2
TGAGCATAGTTTCCTT-1,2
TGAGCATCACTGTGTA-1,1
TGAGCATGTCACAAGG-1,1
TGAGCATGTCCCGACA-1,4
TGAGCATTCCAGGGCT-1,5
TGAGCATTCCTTCAAT-1,1
TGAGCATTCGCATGAT-1,3
TGAGCCGAGAAAGTGG-1,3
TGAGCCGAGAGTACAT-1,4
TGAGCCGAGATGAGAG-1,2
TGAGCCGAGGAGTCTG-1,6
TGAGCCGAGGCGATAC-1,3
TGAGCCGCATGTCCTC-1,1
TGAGCCGGTCTTCGTC-1,4
TGAGCCGTCTATCGCC-1,5
TGAGGGACATGAAGTA-1,3
TGAGGGAGTACAGCAG-1,1
TGAGGGATCAAAGACA-1,4
TGAGGGATCATGTCTT-1,1
TGAGGGATCCACGTTC-1,3
TGATTTCCAAGGGTCA-1,5
TGATTTCCAGTAAGCG-1,2
TGATTTCGTACAGACG-1,1
TGATTTCTCCTGCTTG-1,1
TGATTTCTCGTTACGA-1,1
TGATTTCTCTATGTGG-1,2
TGCACCTCAGCGATCC-1,2
TGCACCTCATCTGGTA-1,1
TGCACCTGTAGCGATG-1,2
TGCACCTGTGCACCAC-1,3
TGCACCTTCACTTCAT-1,1
TGCACCTTCCCATTTA-1,3
TGCACCTTCTGATTCT-1,2
TGCCAAAAGAAGGACA-1,6
TGCCAAAAGACAAAGG-1,3
TGCCAAAAGGATCGCA-1,1
TGCCAAACAGCTGTGC-1,6
TGCCAAACAGGTTTCA-1,3
TGCCAAACAGTTCATG-1,4
TGCCAAAGTCTCCATC-1,5
TGCCCATAGAGCAATT-1,5
TGCCCATAGGTCATCT-1,5
TGCCCATAGTTGTCGT-1,5
TGCCCATCAAATCCGT-1,2
TGCCCATCAGGGAGAG-1,1
TGCCCATCATCTCGCT-1,1
TGCCCATGTTGATTCG-1,5
TGCCCATTCCGTAGTA-1,6
TGCCCATTCTCACATT-1,4
TGCCCATTCTGCGACG-1,6
TGCCCTACAACGATCT-1,4
TGCCCTACACGTGAGA-1,2
TGCCCTAGTACCCAAT-1,2
TGCCCTAGTAGAGGAA-1,6
TGCCCTAGTCTAAACC-1,1
TGCCCTAGTGATGATA-1,6
TGCCCTAGTTATCCGA-1,5
TGCCCTATCTAACTTC-1,1
TGCGCAGAGAAAGTGG-1,3
TGCGCAGAGAATTCCC-1,1
TGCGCAGAGATCCGAG-1,6
TGCGCAGCAAGTTCTG-1,1
TGCGCAGCACGGTGTC-1,2
TGCGCAGCATGTAGTC-1,2
TGCGCAGGTCGATTGT-1,1
TGCGCAGGTCTGATCA-1,1
TGCGCAGGTTCGTTGA-1,1
TGCGCAGTCGGCGCTA-1,5
TGCGCAGTCTAACTCT-1,4
TGCGCAGTCTCTGTCG-1,3
TGCGGGTAGGAGTAGA-1,3
TGCGGGTAGGCTCAGA-1,3
TGCGGGTAGTGTGGCA-1,2
TGCGGGTGTAGAAAGG-1,6
TGCGGGTGTGTTGGGA-1,3
TGCGGGTTCCCTCAGT-1,4
TGCGGGTTCTCGCTTG-1,6
TGCGTGGAGGCCCGTT-1,1
TGCGTGGGTCCCTTGT-1,3
TGCGTGGGTGCAGGTA-1,1
TGCGTGGTCCTACAGA-1,2
TGCGTGGTCGCATGAT-1,1
TGCGTGGTCTACGAGT-1,3
TGCGTGGTCTGCAAGT-1,6
TGCTACCAGATCCTGT-1,2
TGCTACCAGGTGCTTT-1,1
TGCTACCCATGCGCAC-1,2
TGCTACCGTACCCAAT-1,1
TGCTACCGTCATCCCT-1,1
TGCTACCGTTAAAGAC-1,1
TGCTACCTCGCCCTTA-1,6
TGCTGCTAGAGGGCTT-1,1
TGCTGCTCAAGGCTCC-1,1
TGCTGCTCACAACTGT-1,1
TGCTGCTCAGACACTT-1,1
TGCTGCTCAGCTTAAC-1,1
TGCTGCTCATGTCTCC-1,3
TGCTGCTTCATACGGT-1,2
TGCTGCTTCCTCCTAG-1,1
TGCTGCTTCGCTGATA-1,6
TGGACGCAGAAGATTC-1,2
TGGACGCAGAGGTACC-1,1
TGGACGCAGTGTTGAA-1,1
TGGACGCCAAGTACCT-1,6
TGGACGCCATACCATG-1,6
TGGACGCCATCCTAGA-1,4
TGGACGCTCATGCATG-1,6
TGGACGCTCCGCAAGC-1,3
TGGACGCTCTTTAGTC-1,1
TGGCCAGAGCAGACTG-1,2
TGGCCAGAGTGGGTTG-1,1
TGGCCAGAGTTAAGTG-1,1
TGGCCAGGTAAGTGTA-1,2
TGGCCAGGTAATCACC-1,2
TGGCCAGGTGCAGTAG-1,3
TGGCCAGTCATTATCC-1,6
TGGCCAGTCGCCTGAG-1,4
TGGCGCAAGAAACCAT-1,1
TGGCGCAAGTCATCCA-1,6
TGGCGCACAAGTAGTA-1,3
TGGCGCACAATGGTCT-1,4
TGGCGCAGTAGGACAC-1,1
TGGCGCAGTTATCACG-1,1
TGGCGCATCACGCATA-1,1
TGGCGCATCATGGTCA-1,1
TGGCGCATCCAAAGTC-1,2
TGGCGCATCCCTCAGT-1,4
TGGCTGGAGTTACCCA-1,3
TGGCTGGCAAACTGTC-1,1
TGGCTGGCACCCAGTG-1,1
TGGCTGGCATCCTTGC-1,3
TGGCTGGGTATAGTAG-1,1
TGGCTGGGTTACGTCA-1,6
TGGCTGGTCAACACGT-1,5
TGGGAAGAGAGTGACC-1,6
TGGGAAGGTCACCTAA-1,2
TGGGAAGTCCGTAGTA-1,4
TGGGAAGTCCTAGTGA-1,3
TGGGAAGTCGTGGACC-1,2
TGGGCGTAGAGGTAGA-1,1
TGGGCGTAGTTAGCGG-1,6
TGGGCGTCACTGTCGG-1,2
TGGGCGTCACTTCGAA-1,5
TGGGCGTGTATTCGTG-1,2
TGGGCGTGTCTAAACC-1,4
TGGGCGTGTCTCTTTA-1,1
TGGGCGTGTTGATTCG-1,6
TGGGCGTGTTGGACCC-1,3
TGGGCGTTCCTTCAAT-1,1
TGGGCGTTCGTCCGTT-1,1
TGGTTAGAGAAGAAGC-1,5
TGGTTAGCACAGCCCA-1,6
TGGTTAGCACATCTTT-1,5
TGGTTAGCATCCGCGA-1,2
TGGTTAGGTCGACTAT-1,4
TGGTTAGGTGGAAAGA-1,5
TGGTTCCAGAAGGACA-1,4
TGGTTCCAGTCATGCT-1,4
TGGTTCCCACTGTGTA-1,1
TGGTTCCCACTTAACG-1,2
TGGTTCCGTATCTGCA-1,2
TGGTTCCGTCCATCCT-1,4
TGGTTCCGTTCGGCAC-1,1
TGGTTCCTCACATAGC-1,2
TGGTTCCTCACTATTC-1,4
TGGTTCCTCGCGATCG-1,1
TGGTTCCTCGCTTGTC-1,3
TGGTTCCTCTAGCACA-1,5
TGTATTCAGCTGCGAA-1,2
TGTATTCAGTCGTTTG-1,4
TGTATTCCACGAAGCA-1,2
TGTATTCCAGCTCCGA-1,2
TGTATTCCATCACAAC-1,4
TGTATTCGTTATGCGT-1,1
TGTATTCTCTTAGAGC-1,2
TGTCCCAAGCAGCCTC-1,6
TGTCCCACAGATCTGT-1,1
TGTCCCACATTCCTGC-1,2
TGTCCCAGTAGGCATG-1,2
TGTCCCAGTGAAGGCT-1,2
TGTCCCAGTGGTACAG-1,6
TGTCCCATCTGTCTAT-1,1
TGTGGTAAGTTGAGAT-1,6
TGTGGTACAGCAGTTT-1,1
TGTGGTACATCGGTTA-1,5
TGTGGTACATGCCTTC-1,3
TGTGGTACATTTCAGG-1,2
TGTGGTAGTGTGAAAT-1,1
TGTGGTAGTTTGTTTC-1,2
TGTGGTATCCTTTCGG-1,6
TGTGTTTAGGACACCA-1,6
TGTGTTTGTAGAGGAA-1,3
TGTGTTTGTGACGCCT-1,6
TGTGTTTGTTTACTCT-1,4
TGTGTTTTCGAGGTAG-1,1
TGTTCCGAGCCCAGCT-1,1
TGTTCCGAGCGTCTAT-1,2
TGTTCCGCAGGTCCAC-1,6
TGTTCCGCATCACGTA-1,6
TGTTCCGGTCGTCTTC-1,1
TGTTCCGTCGCCTGTT-1,2
TGTTCCGTCGGAGGTA-1,2
TTAACTCAGAGACGAA-1,2
TTAACTCAGCCCGAAA-1,1
TTAACTCAGTACGTAA-1,2
TTAACTCAGTGAAGTT-1,1
TTAACTCAGTGACATA-1,2
TTAACTCCAGCTATTG-1,4
TTAACTCGTGACCAAG-1,2
TTAACTCGTGCTGTAT-1,1
TTAACTCTCAGAAATG-1,2
TTAACTCTCATCGATG-1,2
TTAACTCTCCGCGGTA-1,1
TTAACTCTCGTAGGAG-1,4
TTAGGACAGATGTTAG-1,6
TTAGGACAGCTTATCG-1,2
TTAGGACCAAGGACAC-1,1
TTAGGACCAATAGCGG-1,1
TTAGGACCACGTTGGC-1,1
TTAGGACCAGTATGCT-1,2
TTAGGACGTCCGCTGA-1,3
TTAGGACGTCTCCACT-1,2
TTAGGACGTGGCTCCA-1,3
TTAGGACGTTCAGTAC-1,1
TTAGGACGTTTAGGAA-1,1
TTAGGACTCAAACAAG-1,2
TTAGGACTCCCATTAT-1,1
TTAGGACTCGCACTCT-1,2
TTAGGCAAGAGAACAG-1,1
TTAGGCAAGGCAATTA-1,6
TTAGGCAAGGTAGCCA-1,1
TTAGGCACACGCTTTC-1,5
TTAGGCACACTGTTAG-1,4
TTAGGCACAGGACGTA-1,5
TTAGGCACATTCTTAC-1,2
TTAGGCAGTAAGGGCT-1,2
TTAGGCAGTCATATGC-1,1
TTAGGCAGTGACTCAT-1,4
TTAGGCATCAAAGTAG-1,1
TTAGGCATCACCCTCA-1,1
TTAGGCATCCGGGTGT-1,1
TTAGTTCAGACTAAGT-1,6
TTAGTTCAGAGACGAA-1,6
TTAGTTCAGTGCCATT-1,6
TTAGTTCCAGAGCCAA-1,3
TTAGTTCCAGCCTATA-1,3
TTAGTTCCAGTCTTCC-1,2
TTAGTTCGTAGAGTGC-1,1
TTAGTTCGTGACTACT-1,3
TTAGTTCGTGTAACGG-1,6
TTAGTTCGTTAGAACA-1,5
TTAGTTCGTTGTGGAG-1,6
TTATGCTAGACGCTTT-1,3
TTATGCTCATAGAAAC-1,1
TTATGCTCATTACGAC-1,2
TTATGCTGTGTCTGAT-1,1
TTATGCTGTTCAGGCC-1,5
TTCCCAGAGCCCAATT-1,4
TTCCCAGCATCTATGG-1,6
TTCCCAGCATGTAAGA-1,1
TTCCCAGTCAAAGTAG-1,3
TTCCCAGTCATTCACT-1,3
TTCCCAGTCCTTAATC-1,1
TTCGAAGAGACGACGT-1,3
TTCGAAGAGGCGTACA-1,6
TTCGAAGAGTGGGCTA-1,5
TTCGAAGCAGTAAGCG-1,5
TTCGAAGCATCGGGTC-1,2
TTCGAAGGTACGACCC-1,5
TTCGAAGTCAACCAAC-1,6
TTCGAAGTCACCGGGT-1,2
TTCGAAGTCCTTTACA-1,2
TTCGGTCAGATAGGAG-1,2
TTCGGTCCAGACGCAA-1,2
TTCGGTCCAGCATACT-1,3
TTCGGTCGTTCAACCA-1,1
TTCGGTCTCAGTTGAC-1,1
TTCGGTCTCGGCATCG-1,2
TTCTACAAGAATCTCC-1,6
TTCTACAAGCCGATTT-1,5
TTCTACAAGGGAACGG-1,1
TTCTACAAGTAGCCGA-1,2
TTCTACAAGTCTCAAC-1,3
TTCTACACAATGGTCT-1,4
TTCTACACACGGCTAC-1,6
TTCTACAGTCTGCAAT-1,6
TTCTCAAAGGGTCGAT-1,3
TTCTCAACATCGACGC-1,5
TTCTCAAGTTAAGGGC-1,2
TTCTCAAGTTTGACTG-1,2
TTCTCCTAGATGTTAG-1,6
TTCTCCTAGCACCGTC-1,1
TTCTCCTAGCCTATGT-1,2
TTCTCCTCATTGAGCT-1,5
TTCTCCTGTATCTGCA-1,3
TTCTCCTGTTAGAACA-1,1
TTCTCCTTCAGAGACG-1,1
TTCTTAGAGTAGATGT-1,2
TTCTTAGAGTGGCACA-1,5
TTCTTAGGTAGGACAC-1,2
TTCTTAGGTCCAGTTA-1,4
TTCTTAGGTGATGCCC-1,5
TTCTTAGGTTGTCGCG-1,6
TTCTTAGTCAACACAC-1,1
TTCTTAGTCCTCCTAG-1,1
TTCTTAGTCTAGAGTC-1,3
TTCTTAGTCTTTACAC-1,1
TTGAACGAGATGGGTC-1,4
TTGAACGAGGATATAC-1,3
TTGAACGAGTCCGTAT-1,6
TTGAACGCAAAGGTGC-1,4
TTGAACGCAATAGAGT-1,6
TTGAACGCATGGTCTA-1,5
TTGAACGGTAGCGATG-1,4
TTGAACGGTTGATTCG-1,2
TTGAACGGTTTCCACC-1,6
TTGAACGTCGCTGATA-1,1
TTGACTTAGGGCTTCC-1,2
TTGACTTAGTCGAGTG-1,2
TTGACTTCACCACCAG-1,6
TTGACTTCATCCTTGC-1,1
TTGACTTGTCCGTTAA-1,4
TTGACTTGTTAAGATG-1,1
TTGACTTTCACAACGT-1,2
TTGACTTTCGCGATCG-1,2
TTGACTTTCTCTTATG-1,5
TTGCCGTAGGCACATG-1,5
TTGCCGTAGGGTCGAT-1,3
TTGCCGTAGTACGCGA-1,3
TTGCCGTCACTGAAGG-1,5
TTGCCGTTCCATGCTC-1,4
TTGCCGTTCGGAAACG-1,2
TTGCGTCAGAATTCCC-1,3
TTGCGTCAGCCAGTTT-1,6
TTGCGTCAGCGTCAAG-1,2
TTGCGTCAGGACAGAA-1,5
TTGCGTCAGGCATTGG-1,6
TTGCGTCCAGTGGAGT-1,2
TTGCGTCGTATGAATG-1,3
TTGCGTCGTCAAACTC-1,2
TTGCGTCGTCAGAATA-1,4
TTGCGTCGTCTGCAAT-1,2
TTGCGTCGTTCTGAAC-1,6
TTGCGTCTCCCTAACC-1,3
TTGCGTCTCCGTCAAA-1,4
TTGCGTCTCCTTTCGG-1,3
TTGGAACAGCATGGCA-1,6
TTGGAACAGTGACTCT-1,4
TTGGAACCATGCAACT-1,3
TTGGAACCATGCTAGT-1,1
TTGGAACGTCTTCGTC-1,2
TTGGAACTCACCTCGT-1,2
TTGGAACTCATAAAGG-1,2
TTGGAACTCGCAGGCT-1,6
TTGGAACTCGCATGGC-1,2
TTGGAACTCTTGGGTA-1,6
TTGGCAAAGACAAGCC-1,6
TTGGCAAAGCTGATAA-1,1
TTGGCAAAGGACACCA-1,5
TTGGCAAGTCAACATC-1,3
TTGGCAAGTCCGAAGA-1,5
TTGGCAAGTCGCTTCT-1,4
TTGGCAAGTGTGCGTC-1,1
TTGGCAATCAGAAATG-1,2
TTGGCAATCTAACTGG-1,5
TTGTAGGAGATGTGGC-1,3
TTGTAGGAGCTAGCCC-1,3
TTGTAGGCACATGACT-1,3
TTGTAGGCACTCAGGC-1,2
TTGTAGGGTAGCCTAT-1,3
TTGTAGGGTCACAAGG-1,4
TTGTAGGGTCCCTACT-1,2
TTTACTGAGAAAGTGG-1,5
TTTACTGAGAGTGACC-1,5
TTTACTGAGCCCAGCT-1,6
TTTACTGCACGCGAAA-1,3
TTTACTGCACGTTGGC-1,2
TTTACTGCAGATGGCA-1,4
TTTACTGGTGGCCCTA-1,3
TTTACTGGTTATCGGT-1,1
TTTACTGTCATCACCC-1,1
TTTACTGTCCGCGGTA-1,3
TTTACTGTCGGAATCT-1,6
TTTACTGTCTAACTCT-1,4
TTTACTGTCTGCCCTA-1,2
TTTATGCAGTGATCGG-1,1
TTTATGCAGTGCAAGC-1,6
TTTATGCCAAGGTTCT-1,5
TTTATGCCACATTCGA-1,2
TTTATGCCAGCTGTGC-1,1
TTTATGCCAGTCTTCC-1,2
TTTATGCCATCCGGGT-1,2
TTTATGCGTCAGCTAT-1,6
TTTATGCGTCTAGTCA-1,1
TTTATGCGTTCAGGCC-1,1
TTTATGCGTTCCGTCT-1,4
TTTATGCTCCTAGGGC-1,5
TTTATGCTCCTCGCAT-1,1
TTTATGCTCTTTAGTC-1,4
TTTCCTCAGACTTTCG-1,3
TTTCCTCAGTGCGATG-1,1
TTTCCTCCAAGACACG-1,6
TTTCCTCCAATGCCAT-1,5
TTTCCTCGTTCATGGT-1,3
TTTCCTCGTTGGTGGA-1,5
TTTCCTCGTTGGTTTG-1,3
TTTCCTCTCATGTCTT-1,2
TTTCCTCTCGTCCAGG-1,5
TTTGCGCAGAGTGAGA-1,1
TTTGCGCAGATGGGTC-1,6
TTTGCGCCAACGCACC-1,5
TTTGCGCCAATCGGTT-1,5
TTTGCGCCAGGGAGAG-1,4
TTTGCGCGTGTGACGA-1,5
TTTGCGCTCAAGGTAA-1,3
TTTGCGCTCACCACCT-1,5
TTTGCGCTCACGAAGG-1,2
TTTGCGCTCCCTAACC-1,6
TTTGCGCTCCGATATG-1,4
TTTGCGCTCGTCACGG-1,2
TTTGGTTCACTGTCGG-1,2
TTTGGTTGTATTCTCT-1,2
TTTGGTTGTCGAATCT-1,4
TTTGGTTGTCGCGAAA-1,1
TTTGGTTGTTTGACTG-1,1
TTTGGTTTCTGTCAAG-1,2
TTTGTCAAGCCACCTG-1,6
TTTGTCACAAGCCCAC-1,4
TTTGTCACACATAACC-1,2
TTTGTCACAGACAAAT-1,1
TTTGTCAGTAGATTAG-1,1
TTTGTCATCCTTTACA-1,6
TTTGTCATCGGTTCGG-1,2
TTTGTCATCTCGATGA-1,4
TTTGTCATCTGCTGCT-1,1
